activity_id,name,type,gear_id,date,distance_miles,moving_time_min,elapsed_time_min,elevation_gain_ft,avg_pace,avg_pace_sec,max_pace,max_pace_sec,start_lat,start_lng
18267391127,First ride up Llano de La Perdiz,Ride,,2026-04-26T13:30:22Z,8.65,01:03:53,01:13:05,947.18,07:23,443.0,02:41,161.0,37.174221,-3.590142
17012752807,Geoparque Granada,Ride,,2026-01-11T11:44:22Z,13.1,01:39:43,02:30:25,1141.73,07:36,456.0,02:23,143.0,37.480222,-3.042033
16010285583,Afternoon Ride,Ride,,2025-09-30T12:40:21Z,17.12,01:21:55,01:21:55,153.54,,,,,42.862976,3.03008
15985520131,To Leucate for 🦪,Ride,,2025-09-30T10:03:46Z,16.92,01:24:42,01:24:42,167.32,,,,,42.70256,3.025571
15944587695,Canet Wineries,Ride,,2025-09-26T13:15:02Z,13.61,01:20:05,01:20:05,419.29,,,,,42.70048,3.023159
15160006315,Afternoon Ride,Ride,,2025-07-18T20:57:24Z,7.98,00:39:01,00:39:01,175.2,,,,,42.344511,-71.029139
15154733364,Morning Ride,Ride,,2025-07-18T12:31:24Z,7.3,00:32:50,00:32:50,140.75,,,,,42.410748,-71.113367
15110030889,Morning Ride,Ride,,2025-07-14T12:03:06Z,3.46,00:17:01,00:17:01,170.93,,,,,42.371561,-71.099458
15050701675,Afternoon Ride,Ride,,2025-07-08T20:57:52Z,8.01,00:38:51,00:38:51,172.57,,,,,42.344481,-71.029219
15044743247,Morning Ride,Ride,,2025-07-08T11:06:05Z,7.31,00:34:40,00:34:40,139.11,,,,,42.410661,-71.113398
14780879180,Afternoon Ride,Ride,,2025-06-12T20:31:02Z,8.03,00:40:22,00:40:22,176.84,,,,,42.344531,-71.029171
14775884659,Morning Ride,Ride,,2025-06-12T11:32:26Z,7.33,00:32:28,00:32:28,140.09,,,,,42.410847,-71.1133
14708161863,Afternoon Ride,Ride,,2025-06-05T19:46:55Z,8.0,00:35:55,00:35:55,173.56,,,,,42.344436,-71.02922
14703551001,Morning Ride,Ride,,2025-06-05T11:13:57Z,7.33,00:33:20,00:33:20,141.73,,,,,42.410853,-71.113332
14645289944,Afternoon Ride,Ride,,2025-05-30T20:47:49Z,8.0,00:39:01,00:39:01,172.57,,,,,42.344566,-71.02913
14640387607,Morning Ride,Ride,,2025-05-30T11:11:15Z,7.32,00:34:33,00:34:33,139.11,,,,,42.410809,-71.113354
14624352657,Afternoon Ride,Ride,,2025-05-28T18:44:30Z,8.0,00:38:53,00:38:53,173.88,,,,,42.344499,-71.029147
14619811693,Morning Ride,Ride,,2025-05-28T11:15:36Z,7.33,00:33:42,00:33:42,139.76,,,,,42.410863,-71.113362
14554874664,Afternoon Ride,Ride,,2025-05-21T20:30:17Z,8.0,00:37:24,00:37:24,172.9,,,,,42.344535,-71.029195
14549950488,Morning Ride,Ride,,2025-05-21T11:24:17Z,7.32,00:34:34,00:34:34,141.4,,,,,42.410867,-71.113357
14419802720,Afternoon Ride,Ride,,2025-05-08T20:19:12Z,8.01,00:37:09,00:37:09,177.17,,,,,42.344532,-71.029275
14414889479,Morning Ride,Ride,,2025-05-08T11:20:27Z,7.31,00:34:26,00:34:26,139.44,,,,,42.410851,-71.113365
14404859184,Dropping car off,Ride,,2025-05-07T12:34:30Z,3.66,00:19:00,00:19:00,174.54,,,,,42.371554,-71.099546
13939638123,Flat tire -> slow blue bike -> electric blue bike,Ride,,2025-03-20T19:46:39Z,8.33,00:38:25,00:38:25,178.81,,,,,42.344431,-71.029158
13935001440,Morning Ride,Ride,,2025-03-20T11:12:14Z,7.19,00:34:45,00:34:45,153.87,,,,,42.410844,-71.113358
13865951383,Afternoon Ride,Ride,,2025-03-12T21:18:04Z,7.98,00:37:23,00:37:23,170.6,,,,,42.344507,-71.02923
13861176365,Morning Ride,Ride,,2025-03-12T11:50:35Z,7.31,00:32:59,00:32:59,140.42,,,,,42.410831,-71.113342
13809340879,Afternoon Ride,Ride,,2025-03-06T21:23:08Z,8.01,00:37:53,00:37:53,175.52,,,,,42.344491,-71.029145
13805649089,Morning Ride,Ride,,2025-03-06T14:02:30Z,8.52,00:43:16,00:43:16,228.02,,,,,42.410836,-71.113341
13435377896,Afternoon Ride,Ride,,2025-01-23T21:32:13Z,7.96,00:40:37,00:40:37,171.59,,,,,42.344531,-71.029151
13431859574,Morning Ride,Ride,,2025-01-23T13:51:39Z,7.18,00:38:43,00:38:43,153.54,,,,,42.410868,-71.113384
13374444136,Afternoon Ride,Ride,,2025-01-16T21:58:03Z,7.96,00:38:29,00:38:29,171.59,,,,,42.344547,-71.029251
13370567574,Morning Ride,Ride,,2025-01-16T13:36:53Z,7.2,00:38:55,00:38:55,153.87,,,,,42.410837,-71.11334
13319432197,Afternoon Ride,Ride,,2025-01-10T20:45:08Z,8.0,00:40:49,00:40:49,175.52,,,,,42.344534,-71.029247
13316677564,Both over and under dressed,Ride,,2025-01-10T14:10:09Z,7.24,00:34:36,00:34:36,155.18,,,,,42.410838,-71.113331
12946421048,Afternoon Ride,Ride,,2024-11-20T18:42:00Z,7.11,00:36:44,00:36:44,153.87,,,,,42.410802,-71.11331
12744025258,Afternoon Ride,Ride,,2024-10-25T20:53:18Z,8.01,00:38:09,00:38:09,174.54,,,,,42.344524,-71.029108
12741513510,Morning Ride,Ride,,2024-10-25T13:09:21Z,7.19,00:33:47,00:33:47,152.23,,,,,42.410894,-71.113356
12638944939,Lunch Ride,Ride,,2024-10-12T15:47:33Z,6.44,00:49:47,00:49:47,86.61,,,,,42.37024812027812,-76.86084349639714
12581676616,Afternoon Ride,Ride,,2024-10-04T21:01:03Z,8.0,00:36:53,00:36:53,170.6,,,,,42.34455591067672,-71.02920804172754
12572048687,Morning Ride,Ride,,2024-10-04T12:05:45Z,7.22,00:34:11,00:34:11,149.93,,,,,42.410864224657416,-71.11333292908967
12453763069,Afternoon Ride,Ride,,2024-09-19T19:58:41Z,7.96,00:37:01,00:37:01,172.57,,,,,42.34476923011243,-71.02951440028846
12451754539,Lunch Ride,Ride,,2024-09-19T15:53:23Z,7.25,00:34:07,00:34:07,149.61,,,,,42.410888113081455,-71.11333728767931
12402471503,Afternoon Ride,Ride,,2024-09-13T20:31:56Z,8.23,00:38:26,00:38:26,173.56,,,,,42.3443600255996,-71.02920837700367
12391627372,Morning Ride,Ride,,2024-09-12T12:21:44Z,7.18,00:35:13,00:35:13,148.29,,,,,42.41082885302603,-71.11338917165995
12307954340,Morning Ride,Ride,,2024-09-02T14:36:33Z,31.16,02:08:08,02:08:08,1417.32,,,,,42.41087059490383,-71.11335421912372
12204968705,Rallavergen,Ride,,2024-08-21T06:23:14Z,50.55,05:33:42,05:33:42,2587.27,,,,,60.512628,7.851249
12106025344,Afternoon Ride,Ride,,2024-08-09T20:20:04Z,8.0,00:35:30,00:35:30,170.28,,,,,42.34453830868006,-71.02927375584841
12102530075,Morning Ride,Ride,,2024-08-09T11:24:10Z,7.17,00:32:55,00:32:55,148.62,,,,,42.41084343753755,-71.11335254274309
12029349997,Afternoon Ride,Ride,,2024-07-31T17:19:08Z,7.89,00:35:37,00:35:37,170.6,,,,,42.344513330608606,-71.03126244619489
12027094847,Morning Ride,Ride,,2024-07-31T12:22:03Z,7.09,00:33:54,00:33:54,148.62,,,,,42.41079021245241,-71.1133467592299
12019770412,Lunch Ride,Ride,,2024-07-30T15:48:53Z,3.89,00:16:34,00:16:34,87.27,,,,,42.439716160297394,-71.1455041822046
12019640546,Morning Ride,Ride,,2024-07-30T14:38:04Z,3.81,00:18:58,00:18:58,57.74,,,,,42.41073086857796,-71.11340124160051
12014381046,Evening Ride,Ride,,2024-07-29T23:22:07Z,7.49,00:34:21,00:34:21,169.95,,,,,42.34810774214566,-71.03736002929509
12009949733,Morning Ride,Ride,,2024-07-29T12:37:57Z,7.25,00:32:15,00:32:15,149.28,,,,,42.4108943156898,-71.1133501958102
11985914544,Blue bike the rest of the way,Ride,,2024-07-26T13:24:34Z,3.19,00:17:33,00:17:33,14.76,,,,,42.37136693671346,-71.07619590125978
11964277828,Afternoon Ride,Ride,,2024-07-23T21:21:06Z,7.92,00:34:27,00:34:27,169.95,,,,,42.34459765255451,-71.0303047299385
11959909594,Morning Ride,Ride,,2024-07-23T12:10:25Z,7.11,00:33:04,00:33:04,148.29,,,,,42.41086749359965,-71.11333452165127
11914470899,Anniversary dins,Ride,,2024-07-17T21:33:16Z,3.88,00:22:15,00:22:15,103.67,,,,,42.411561012268066,-71.11042541451752
11887566643,Walking out on a flat,Ride,,2024-07-14T13:46:32Z,11.08,01:24:18,01:24:18,874.67,,,,,42.410871013998985,-71.1133914347738
11865823137,Note to self - rush hour joyrides are not,Ride,,2024-07-11T20:37:45Z,14.79,01:09:30,01:09:30,771.0,,,,,42.41084352135658,-71.11329428851604
11849540534,Drop off ze bicyclette,Ride,,2024-07-09T21:22:01Z,2.1,00:11:30,00:11:30,65.29,,,,,42.41089699789882,-71.11332857050002
11841781898,"Half gravel ride, half trip to JP licks",Ride,,2024-07-08T22:01:21Z,13.59,01:21:25,01:21:25,803.15,,,,,42.4108945671469,-71.11336494795978
11824413571,Afternoon Gravel Ride,Ride,,2024-07-06T17:31:44Z,12.17,01:20:52,01:20:52,723.43,,,,,42.41088358685374,-71.11332203261554
11809315843,Lunch Ride,Ride,,2024-07-04T15:01:02Z,36.83,02:30:02,02:30:02,705.38,,,,,42.410872941836715,-71.11340367235243
11793403659,From consulate,Ride,,2024-07-02T19:56:23Z,6.21,00:28:32,00:28:32,159.12,,,,,42.351022800430655,-71.07038288377225
11793004701,To consulate,Ride,,2024-07-02T18:54:21Z,5.79,00:29:07,00:29:07,149.61,,,,,42.410907642915845,-71.11328640952706
11761687429,Afternoon Ride,Ride,,2024-06-28T18:11:39Z,7.84,00:36:02,00:36:02,169.62,,,,,42.34462154097855,-71.0314329341054
11759262454,Morning Ride,Ride,,2024-06-28T12:00:07Z,7.03,00:31:20,00:31:20,148.62,,,,,42.4108306132257,-71.11329386942089
11643042061,Morning Ride,Ride,,2024-06-13T12:13:03Z,15.05,01:09:03,01:09:03,334.65,,,,,42.41082273423672,-71.11334709450603
11558085056,To from brunch,Ride,,2024-06-02T15:48:20Z,2.8,00:15:39,00:15:39,128.94,,,,,42.41066909395158,-71.1133380420506
11488876089,Afternoon Ride,Ride,,2024-05-24T20:21:37Z,7.18,00:35:08,00:35:08,144.03,,,,,42.344504026696086,-71.03131156414747
11485664910,Morning Ride,Ride,,2024-05-24T11:27:06Z,7.11,00:32:59,00:32:59,151.57,,,,,42.4108718521893,-71.1133261397481
11380192876,Afternoon Ride,Ride,,2024-05-10T20:57:32Z,7.95,00:39:48,00:39:48,166.99,,,,,42.344543002545834,-71.03121131658554
11377233853,Morning Ride,Ride,,2024-05-10T12:43:22Z,7.46,00:39:41,00:39:41,131.89,,,,,42.410840671509504,-71.11335799098015
11325079336,Afternoon Ride,Ride,,2024-05-03T20:19:03Z,7.87,00:37:28,00:37:28,170.6,,,,,42.344551384449005,-71.03121207095683
11322424132,Morning Ride,Ride,,2024-05-03T12:51:12Z,7.11,00:36:49,00:36:49,151.57,,,,,42.410876797512174,-71.1133486032486
11271046700,Afternoon Ride,Ride,,2024-04-26T21:20:54Z,7.31,00:37:20,00:37:20,171.92,,,,,42.34455197118223,-71.03116831742227
11268308588,Morning Ride,Ride,,2024-04-26T13:04:48Z,7.1,00:37:06,00:37:06,151.57,,,,,42.41110143251717,-71.11290863715112
10995788143,Afternoon Ride,Ride,,2024-03-19T19:35:11Z,8.06,00:42:05,00:42:05,168.64,,,,,42.344414005056024,-71.02913989685476
10992982065,Morning Ride,Ride,,2024-03-19T13:22:12Z,7.2,00:34:03,00:34:03,148.95,,,,,42.4108477961272,-71.11335262656212
10967349370,Afternoon Ride,Ride,,2024-03-15T21:20:13Z,7.33,00:37:06,00:37:06,173.56,,,,,42.34448038972914,-71.03142505511642
10964733201,Morning Ride,Ride,,2024-03-15T13:22:22Z,7.06,00:34:06,00:34:06,148.62,,,,,42.41088970564306,-71.11336159519851
10736028109,Afternoon Ride,Ride,,2024-02-10T18:23:35Z,9.28,00:47:48,00:47:48,351.05,,,,,42.41075551137328,-71.11343342810869
10730041124,Afternoon Ride,Ride,,2024-02-09T22:09:33Z,7.31,00:35:59,00:35:59,232.28,,,,,42.34445666894317,-71.03113445453346
10727442592,Morning Ride,Ride,,2024-02-09T13:30:15Z,7.09,00:35:19,00:35:19,147.97,,,,,42.41080043837428,-71.11345144920051
10683675424,Afternoon Ride,Ride,,2024-02-02T22:34:46Z,7.78,00:41:12,00:41:12,181.76,,,,,42.344499165192246,-71.03116303682327
10680749941,Morning Ride,Ride,,2024-02-02T13:07:25Z,7.1,00:33:36,00:33:36,147.64,,,,,42.410864643752575,-71.11338011920452
10543833342,Morning Ride,Ride,,2024-01-12T13:52:43Z,7.38,00:37:44,00:37:44,148.62,,,,,42.410931615158916,-71.11351682804525
10446377870,Afternoon Ride,Ride,,2023-12-27T18:02:41Z,1.51,00:09:08,00:09:08,44.62,,,,,42.43137599900365,-71.11000967212021
10446327009,First gravel ride,Ride,,2023-12-27T16:49:23Z,6.17,01:01:33,01:01:33,397.97,,,,,42.43136141449213,-71.10998963937163
10445939947,Bike shop tire swap,Ride,,2023-12-27T15:41:30Z,4.82,00:32:29,00:32:29,258.2,,,,,42.41055887192488,-71.11341465264559
10390633165,From dim sum,Ride,,2023-12-16T18:01:36Z,6.23,00:30:04,00:30:04,184.06,,,,,42.35158455558121,-71.06325323693454
10390037857,To dim sum,Ride,,2023-12-16T15:52:42Z,6.18,00:28:57,00:28:57,174.21,,,,,42.41083321161568,-71.11334617249668
10385954590,Afternoon Ride,Ride,,2023-12-15T21:25:27Z,7.61,00:37:56,00:37:56,181.43,,,,,42.34449547715485,-71.02921633981168
10384099340,Morning Ride,Ride,,2023-12-15T13:30:39Z,7.36,00:36:38,00:36:38,148.62,,,,,42.41085425019264,-71.11345823854208
10349907930,Afternoon Ride,Ride,,2023-12-08T21:16:00Z,7.88,00:41:04,00:41:04,249.67,,,,,42.34448474831879,-71.02912715636194
10348011414,Morning Ride,Ride,,2023-12-08T13:11:20Z,7.26,00:35:09,00:35:09,156.5,,,,,42.41086724214256,-71.11333192326128
10313269995,Afternoon Ride,Ride,,2023-12-01T22:11:12Z,7.4,00:37:01,00:37:01,190.29,,,,,42.345248591154814,-71.03201245889068
10311466517,Morning Ride,Ride,,2023-12-01T13:46:54Z,7.11,00:35:00,00:35:00,157.48,,,,,42.410873947665095,-71.11333628185093
10234280719,Morning Ride,Ride,,2023-11-17T14:03:37Z,7.16,00:32:40,00:32:40,157.81,,,,,42.41075844503939,-71.11330082640052
10195914942,Afternoon Ride,Ride,,2023-11-10T21:11:01Z,8.15,00:43:00,00:43:00,205.71,,,,,42.34467878937721,-71.03176904842257
10194018975,Morning Ride,Ride,,2023-11-10T13:33:06Z,7.15,00:35:30,00:35:30,157.48,,,,,42.410897333174944,-71.11335773952305
10074465934,Worst bluebike ever,Ride,,2023-10-20T21:25:39Z,7.15,00:51:28,00:51:28,233.6,,,,,42.348672430962324,-71.03882535360754
10072307515,Morning Ride,Ride,,2023-10-20T12:35:05Z,7.0,00:42:44,00:42:44,145.01,,,,,42.411726554855704,-71.11042834818363
9816915185,Tour de Open house,Ride,,2023-09-09T14:00:11Z,22.34,01:49:58,01:49:58,477.69,,,,,42.31252094730735,-71.10476335510612
9774697398,Hotel reclining bike,Ride,,2023-09-03T11:23:18Z,0.0,00:29:51,00:29:51,0.0,,,,,,
9528117494,Evening Ride,Ride,,2023-07-26T22:22:13Z,3.72,00:22:23,00:22:23,76.12,,,,,42.31052488088608,-71.10732276923954
9496335323,Blue bike to fenway,Ride,,2023-07-21T22:11:00Z,3.73,00:23:30,00:23:30,75.79,,,,,42.31087918393314,-71.10808359459043
9496125767,Afternoon Ride,Ride,,2023-07-21T20:58:28Z,6.02,00:30:24,00:30:24,60.37,,,,,42.34429213218391,-71.03120494633913
9493493064,Morning Ride,Ride,,2023-07-21T11:58:57Z,5.95,00:28:49,00:28:49,38.39,,,,,42.312527149915695,-71.10468699596822
9307718234,Morning Ride,Ride,,2023-06-21T13:48:04Z,6.0,00:31:46,00:31:46,37.73,,,,,42.31243955902755,-71.104282066226
9273718314,From ladies dinner,Ride,,2023-06-16T00:09:38Z,4.87,00:25:30,00:25:30,57.09,,,,,42.353118946775794,-71.04813781566918
9273213989,To ladies dinner,Ride,,2023-06-15T21:33:37Z,4.93,00:28:09,00:28:09,36.42,,,,,42.3132782522589,-71.10423353500664
9229135482,Afternoon Ride,Ride,,2023-06-08T20:17:01Z,7.58,00:44:24,00:44:24,235.56,,,,,42.34446085989475,-71.03115431964397
9225956233,Morning Ride,Ride,,2023-06-08T11:55:26Z,6.01,00:29:26,00:29:26,37.73,,,,,42.31265254318714,-71.10465564765036
9144594627,Quick pre drive errands,Ride,,2023-05-26T14:46:08Z,6.73,00:33:37,00:33:37,183.07,,,,,42.312652207911015,-71.1046951264143
9102557658,Afternoon Ride,Ride,,2023-05-19T21:04:58Z,5.73,00:31:51,00:31:51,62.66,,,,,42.34456295147538,-71.03180307894945
9100029431,Morning Ride,Ride,,2023-05-19T12:32:25Z,5.88,00:29:19,00:29:19,38.39,,,,,42.31259194202721,-71.10472379252315
9084177390,Afternoon Ride,Ride,,2023-05-16T19:56:21Z,5.95,00:37:51,00:37:51,76.44,,,,,42.344528837129474,-71.03111039847136
9082117223,Morning Ride,Ride,,2023-05-16T14:35:30Z,5.92,00:29:26,00:29:26,45.28,,,,,42.31247400864959,-71.1044395621866
9071215461,Morning Ride,Ride,,2023-05-14T13:53:36Z,32.08,01:59:27,01:59:27,1492.78,,,,,42.31224434450269,-71.1044448427856
9029251861,Ginkgo group ride,Ride,,2023-05-07T13:51:21Z,31.83,02:41:28,02:41:28,1331.36,,,,,42.312286254018545,-71.10429866239429
9015287165,Morning Ride,Ride,,2023-05-05T13:21:02Z,5.96,00:33:33,00:33:33,38.39,,,,,42.312586326152086,-71.1046660412103
9006061191,Evening Ride,Ride,,2023-05-03T22:28:49Z,0.0,00:39:53,00:39:53,0.0,,,,,,
8888948797,Morning Ride,Ride,,2023-04-14T12:22:49Z,6.17,00:32:36,00:32:36,46.26,,,,,42.31302042491734,-71.10460191965103
8207394263,Morning Ride,Ride,,2022-12-04T14:02:09Z,33.28,02:22:05,02:22:05,1722.44,,,,,42.31222892180085,-71.10437435097992
8078667792,Morning Ride,Ride,,2022-11-06T13:29:08Z,40.03,02:42:27,02:42:27,1879.92,,,,,42.312282817438245,-71.10443419776857
7694881017,Afternoon Ride,Ride,,2022-08-24T20:53:03Z,15.37,01:03:43,01:03:43,604.99,,,,,42.31162,-71.105043
7676196294,Morning Ride,Ride,,2022-08-21T12:51:20Z,32.46,02:10:54,02:10:54,1341.54,,,,,42.312108,-71.104211
7616999270,Afternoon Ride,Ride,,2022-08-10T19:52:05Z,4.6,00:22:12,00:22:12,254.59,,,,,42.283388,-71.051067
7479928279,Afternoon Ride,Ride,,2022-07-16T17:45:27Z,9.44,00:43:16,00:43:16,288.71,,,,,42.387253073975444,-71.18890685029328
7479003009,Morning Ride,Ride,,2022-07-16T14:57:00Z,9.66,00:43:07,00:43:07,285.43,,,,,42.31254357844591,-71.10413311980665
7474800553,Afternoon Ride,Ride,,2022-07-15T20:15:28Z,8.41,00:41:44,00:41:44,239.5,,,,,42.392112,-71.149669
7473640347,Lunch Ride,Ride,,2022-07-15T15:31:04Z,8.26,00:39:29,00:39:29,119.09,,,,,42.314143,-71.105242
7395778077,Night Ride,Ride,,2022-07-01T01:45:07Z,6.02,00:27:55,00:27:55,84.32,,,,,42.344396,-71.029085
7395204476,Evening Ride,Ride,,2022-06-30T22:13:00Z,6.06,00:31:06,00:31:06,43.96,,,,,42.313619,-71.105186
7360932727,To / from work,Ride,,2022-06-24T12:02:06Z,12.59,01:01:12,01:01:12,131.89,,,,,42.312522,-71.104733
7340469000,Flat at the end,Ride,,2022-06-20T15:29:07Z,30.08,01:55:41,01:55:41,1361.55,,,,,42.31230293400586,-71.10441919416189
7187396201,Heat advisory -> big ass rain drops,Ride,,2022-05-22T19:26:44Z,25.8,01:43:24,01:43:24,1089.24,,,,,42.31232640333474,-71.1043254006654
7073156150,Lunch Ride,Ride,,2022-05-01T15:58:57Z,39.11,02:41:59,02:41:59,1717.19,,,,,42.328020972,-71.271853074
7029799172,Turned into a fixed speed ride,Ride,,2022-04-23T17:10:25Z,32.4,02:12:31,02:12:31,1324.48,,,,,42.312127919867635,-71.1043724231422
6998133676,Lunch Ride,Ride,,2022-04-17T15:36:37Z,32.79,02:20:19,02:20:19,1374.34,,,,,42.31218,-71.104451
6855106959,Lunch Ride,Ride,,2022-03-20T15:12:30Z,20.14,01:28:57,01:28:57,899.93,,,,,42.310344,-71.106678
6396219971,Afternoon Ride,Ride,,2021-12-17T22:18:22Z,6.24,00:38:23,00:38:23,67.59,,,,,42.344681,-71.030397
6395485074,Lunch Ride,Ride,,2021-12-17T17:35:39Z,6.2,00:34:38,00:34:38,37.07,,,,,42.317192,-71.104635
6161590592,Lunch Ride,Ride,,2021-10-24T16:44:44Z,14.38,01:10:07,01:10:07,533.79,,,,,42.313314,-71.11431
6054425282,Lazy bike ride,Ride,,2021-10-02T20:58:57Z,5.69,00:30:27,00:30:27,298.23,,,,,42.311898,-71.104718
6039715517,Afternoon Ride,Ride,,2021-09-29T20:00:16Z,6.17,00:34:29,00:34:29,67.91,,,,,42.344581,-71.030001
6037834030,Morning Ride,Ride,,2021-09-29T12:41:29Z,6.36,00:34:25,00:34:25,39.37,,,,,42.312314,-71.104165
5998852610,Evening Ride,Ride,,2021-09-22T00:27:25Z,2.41,00:15:38,00:15:38,31.82,,,,,42.333838,-71.082329
5995729464,Morning Ride,Ride,,2021-09-21T12:40:26Z,7.35,00:40:33,00:40:33,36.42,,,,,42.312476,-71.104818
5676286817,Evening Ride,Ride,,2021-07-23T23:04:17Z,3.27,00:17:46,00:17:46,41.34,,,,,42.343619,-71.071896
5676107955,Afternoon Ride,Ride,,2021-07-23T21:57:50Z,3.17,00:17:05,00:17:05,16.08,,,,,42.313611,-71.104203
5658639612,Lunch Ride,Ride,,2021-07-20T15:49:11Z,12.25,00:53:38,00:53:38,737.53,,,,,42.312296,-71.104322
5643350112,Lunch Ride,Ride,,2021-07-17T15:36:49Z,15.0,01:04:49,01:04:49,819.88,,,,,42.609929,-70.67718
5274560624,"Park loop, part 2",Ride,,2021-05-10T17:24:59Z,10.06,00:51:08,00:51:08,871.72,,,,,44.387742,-68.205324
5273474290,"Park loop, part 1",Ride,,2021-05-10T14:19:38Z,11.28,00:51:04,00:51:04,928.15,,,,,44.307603,-68.201945
5270351042,Schoodic gravel,Ride,,2021-05-09T16:12:53Z,6.88,00:55:17,00:55:17,423.88,,,,,44.380088,-68.066867
5037638149,Morning Ride,Ride,,2021-03-30T14:37:28Z,4.83,00:25:41,00:25:41,83.66,,,,,42.356837,-71.056322
5037159793,Morning Ride,Ride,,2021-03-30T13:21:11Z,4.52,00:19:43,00:19:43,48.56,,,,,42.314538,-71.105468
4996519870,Lunch Ride,Ride,,2021-03-23T15:30:11Z,0.65,00:03:17,00:03:17,0.0,,,,,42.312304,-71.114178
4996503444,Lunch Ride,Ride,,2021-03-23T15:05:11Z,4.73,00:20:40,00:20:40,101.71,,,,,42.35649,-71.059819
4996344841,Morning Ride,Ride,,2021-03-23T14:28:15Z,4.63,00:21:42,00:21:42,44.95,,,,,42.314171,-71.105223
4980778308,Part B,Ride,,2021-03-20T18:59:20Z,23.59,01:37:30,01:37:30,1050.85,,,,,42.268986,-71.21994
4980419657,Part A,Ride,,2021-03-20T18:10:32Z,10.5,00:46:02,00:46:02,493.77,,,,,42.31251,-71.105392
4920752265,New bicyclette 2.0 test ride,Ride,,2021-03-09T22:00:45Z,3.95,00:17:51,00:17:51,149.28,,,,,42.393756,-71.117041
4920344522,Testing out the new bicyclette,Ride,,2021-03-09T20:08:27Z,5.43,00:24:10,00:24:10,257.22,,,,,42.295378,-71.122531
3883907456,Lunch Ride,Ride,,2020-08-08T16:30:12Z,6.76,00:41:13,00:41:13,387.8,,,,,42.311849,-71.103292
3745917945,Morning Ride,Ride,,2020-07-11T13:05:12Z,6.16,00:36:58,00:36:58,369.09,,,,,42.31237,-71.104776
3732499011,Lunch Ride,Ride,,2020-07-08T16:11:53Z,4.31,00:24:13,00:24:13,203.74,,,,,42.312291,-71.104864
3495693767,Evening Ride,Ride,,2020-05-22T22:58:24Z,4.18,00:21:22,00:21:22,189.3,,,,,42.334534,-71.045243
3495292330,Afternoon Ride,Ride,,2020-05-22T17:28:34Z,5.12,00:35:29,00:35:29,267.06,,,,,42.312516,-71.104865
3490822805,Hood ride,Ride,,2020-05-21T21:35:36Z,8.81,00:52:01,00:52:01,524.61,,,,,42.312218,-71.104823
3468009335,Lost most of the miles somehow,Ride,,2020-05-17T17:06:57Z,1.57,00:09:45,00:09:45,126.31,,,,,42.312686,-71.10497
3456955944,Afternoon Ride,Ride,,2020-05-15T20:40:25Z,10.97,00:53:07,00:53:07,560.7,,,,,42.312264,-71.105794
3436347850,It’s been awhile ,Ride,,2020-05-11T20:26:27Z,5.23,00:28:33,00:28:33,298.88,,,,,42.312173,-71.104482
3434451590,Afternoon Ride,Ride,,2020-05-09T18:40:12Z,3.86,00:18:53,00:18:53,120.73,,,,,42.350388,-71.122077
2735030908,Queenstown Trail to Wineries/Brewereis!,Ride,,2019-09-23T21:49:48Z,25.03,02:36:22,02:36:22,1513.12,,,,,-45.036387,168.672345
2651634043,Home!,Ride,,2019-08-25T20:18:08Z,5.5,00:32:10,00:32:10,69.55,,,,,42.365675,-71.062667
2650906737,To Downeaster,Ride,,2019-08-25T16:26:07Z,2.96,00:14:19,00:14:19,89.9,,,,,43.657685,-70.250331
2647937711,Brewery to hotel.. and DONE.!,Ride,,2019-08-24T18:10:48Z,3.46,00:19:26,00:19:26,135.5,,,,,43.651566,-70.291987
2647629617,"Day 2 - to Bissell Bros, Portland ",Ride,,2019-08-24T13:07:32Z,39.7,02:55:55,02:55:55,866.14,,,,,43.285084,-70.594948
2645218301,Day one!! To Wells,Ride,,2019-08-23T16:35:27Z,51.85,03:30:13,03:30:13,1407.15,,,,,42.797676,-70.878308
2644323468,And so it begins.. to train station,Ride,,2019-08-23T14:34:52Z,5.25,00:22:34,00:22:34,49.54,,,,,42.313755,-71.105153
2630447619,South shore coastal ride with the Wrenbecks,Ride,,2019-08-18T14:05:06Z,36.33,02:22:28,02:22:28,1015.75,,,,,42.216363,-70.863285
2610033094,Burlington island rail trail,Ride,,2019-08-11T12:21:35Z,25.36,01:43:40,01:43:40,431.43,,,,,44.449215,-73.214516
2587541312,"Now, for lunch",Ride,,2019-08-03T15:00:55Z,26.33,01:50:21,01:50:21,1249.02,,,,,42.312397,-71.104086
2577050663,Evening Ride,Ride,,2019-07-30T22:53:23Z,4.35,00:23:31,00:23:31,47.24,,,,,42.359299,-71.066825
2576856455,To Margo’s,Ride,,2019-07-30T20:57:53Z,4.86,00:27:42,00:27:42,83.99,,,,,42.314229,-71.105262
2532191537,Quick meander before Zach gets his hair did,Ride,,2019-07-14T16:20:30Z,9.07,00:36:53,00:36:53,106.63,,,,,42.344547,-71.028755
2509233090,First ride this year,Ride,,2019-07-06T13:39:05Z,15.45,01:18:13,01:18:13,818.9,,,,,44.103127,-69.109106
2083727057,Spin once I remembered to start my watch,Ride,,2019-01-16T22:16:33Z,0.0,00:34:46,00:34:46,0.0,,,,,,
2027396115,Spin,Ride,,2018-12-20T23:07:11Z,0.0,00:41:04,00:41:04,0.0,,,,,,
2024243493,Pursuit @ the fanciest gym I’ve ever been to,Ride,,2018-12-18T22:56:56Z,0.0,01:13:15,01:13:15,0.0,,,,,,
1797216079,Quick pre pre-dinner drinks carriage ride,Ride,,2018-08-25T20:15:31Z,4.1,00:24:58,00:24:58,294.29,,,,,44.312269,-68.285455
1660137958,Reservations ride,Ride,,2018-06-24T19:10:00Z,18.35,01:09:38,01:09:38,771.0,,,,,42.275514,-71.259227
1627317335,Little ride,Ride,,2018-06-09T13:55:57Z,14.84,01:04:13,01:04:13,408.46,,,,,42.368801,-71.108317
1615420071,Acadia!!,Ride,,2018-06-02T19:59:31Z,16.43,01:49:07,01:49:07,1492.78,,,,,44.312763,-68.204759
1570358709,Day turned pretty,Ride,,2018-05-13T18:50:25Z,11.48,01:00:23,01:00:23,431.76,,,,,42.36881,-71.108356
1551978129,Cape Ann - post lunch,Ride,,2018-05-05T19:30:29Z,11.1,00:51:46,00:51:46,465.22,,,,,42.658385,-70.616561
1551777456,Cape Ann - pre lunch,Ride,,2018-05-05T16:45:52Z,10.54,00:46:44,00:46:44,622.7,,,,,42.605383,-70.679161
1427671727,From Yoga,Ride,,2018-02-26T22:47:24Z,2.98,00:16:06,00:16:06,29.53,,,,,42.352109,-71.070653
1427493788,To yoga,Ride,,2018-02-26T20:21:45Z,3.06,00:16:18,00:16:18,30.18,,,,,42.368597,-71.108946
1423603116,Morning Ride,Ride,,2018-02-24T14:29:05Z,4.82,00:28:16,00:28:16,28.54,,,,,42.370595,-71.104813
1213936460,Afternoon Ride,Ride,,2017-10-03T21:04:10Z,4.21,00:23:43,00:23:43,86.94,,,,,42.351282,-71.043451
1063062112,Mileage fix,Ride,,2017-07-01T22:52:14Z,4.4,00:19:26,00:19:26,0.0,,,,,,
1063061296,Just state hopping,Ride,,2017-07-01T20:39:51Z,25.64,01:52:04,01:52:04,58.07,,,,,36.733426,-76.336413
1043480016,Pungo for fungo,Ride,,2017-06-18T20:44:20Z,22.02,01:29:59,01:29:59,33.79,,,,,36.754641,-76.003706
1032400442,To and from the Apple Store ish ,Ride,,2017-06-11T20:19:41Z,11.62,01:01:42,01:01:42,102.03,,,,,36.876996,-76.30886
1021668125,Exploring Norfolk,Ride,,2017-06-04T21:42:31Z,11.98,01:19:51,01:19:51,74.8,,,,,36.884818,-76.301158
575854523,First long ride of the year ,Ride,,2016-05-14T14:42:04Z,18.72,01:26:09,01:26:09,565.29,,,,,42.364011,-71.101355
426578275,Afternoon Ride,Ride,,2015-11-04T19:24:38Z,26.1,01:59:44,01:59:44,705.71,,,,,42.369221,-71.107972
655879917,Afternoon Ride,Ride,,2015-09-26T23:35:17Z,4.09,00:14:12,00:14:12,44.29,,,,,42.895583,-122.1368
401650653,Not quite done,Ride,,2015-09-26T23:35:17Z,4.1,00:14:41,00:14:41,41.01,,,,,42.895583,-122.1368
401650721,Crater Lake,Ride,,2015-09-26T18:06:42Z,21.09,02:43:57,02:43:57,3424.54,,,,,42.869731,-122.153522
390840254,Afternoon Ride,Ride,,2015-09-12T19:10:49Z,31.66,02:33:14,02:33:14,2652.23,,,,,42.340837,-71.865627
386974281,Morning Ride,Ride,,2015-09-07T13:32:44Z,29.95,02:05:31,02:05:31,1447.18,,,,,42.368774,-71.108412
380088626,Morning Ride,Ride,,2015-08-29T13:03:54Z,13.49,01:18:55,01:18:55,177.17,,,,,42.358552,-71.072649
375013748,Lunch Ride,Ride,,2015-08-22T16:14:49Z,17.71,01:15:14,01:15:14,528.22,,,,,42.368511,-71.108561
370590256,Afternoon Ride,Ride,,2015-08-16T17:26:37Z,20.61,01:31:04,01:31:04,226.05,,,,,42.459708,-71.350259
370358068,Morning Ride,Ride,,2015-08-16T13:43:31Z,13.61,01:05:44,01:05:44,847.44,,,,,42.374837,-71.150111
364555935,Afternoon Ride,Ride,,2015-08-08T21:35:23Z,22.38,01:28:45,01:28:45,567.91,,,,,42.361212,-71.182665
304070226,Afternoon Ride,Ride,,2015-05-13T21:39:56Z,26.66,02:07:45,02:07:45,1018.7,,,,,42.338235,-71.102537
296898333,Afternoon Ride,Ride,,2015-05-02T19:00:04Z,24.22,01:54:28,01:54:28,885.83,,,,,42.338413,-71.102563
295109503,Evening Ride,Ride,,2015-04-29T22:22:31Z,17.11,01:24:38,01:24:38,516.73,,,,,42.338221,-71.102574
290750860,Windy ride with KTran,Ride,,2015-04-22T21:53:45Z,15.0,01:16:17,01:16:17,439.96,,,,,42.338308,-71.103458
288017371,Afternoon Ride,Ride,,2015-04-18T19:05:01Z,26.15,02:03:32,02:03:32,1032.15,,,,,42.338173,-71.102587
2532538834,Portland Part 2,Ride,,2010-01-01T00:00:00Z,31.08,03:06:21,03:06:21,524.93,,,,,43.382688,-70.580599
2532530889,Portland Part 1,Ride,,2010-01-01T00:00:00Z,58.13,05:48:33,05:48:33,1300.52,,,,,42.811949,-70.876427
