activity_id,seconds_under_700,avg_hr_under_700,seconds_700_730,avg_hr_700_730,seconds_730_800,avg_hr_730_800,seconds_800_830,avg_hr_800_830,seconds_830_900,avg_hr_830_900,seconds_900_930,avg_hr_900_930,seconds_930_1000,avg_hr_930_1000,seconds_1000_1030,avg_hr_1000_1030,seconds_1030_1100,avg_hr_1030_1100,seconds_1100_1130,avg_hr_1100_1130,seconds_over_1130,avg_hr_over_1130
19538454642,5,122.8,23,130.1,56,131.2,170,130.4,372,129.4,253,130.2,658,131.0,384,131.1,377,133.0,410,134.0,2787,137.2
19510083850,16,133.0,55,132.5,61,135.5,80,135.2,130,133.1,98,129.9,310,129.4,212,128.8,225,129.2,251,131.3,1270,133.9
19481333708,184,130.1,83,130.7,89,128.8,93,127.9,103,127.5,79,128.7,141,127.5,92,128.1,82,129.2,93,131.7,873,130.1
19454465448,428,130.1,222,132.2,187,131.8,222,132.7,285,132.0,168,132.3,328,132.9,225,132.7,225,132.0,227,132.7,2860,134.6
19427701202,103,152.4,163,151.9,181,148.7,256,147.9,282,144.1,163,142.2,329,137.6,164,135.5,153,130.8,110,131.9,532,125.9
19398269391,261,128.5,140,127.6,97,130.1,133,129.8,139,128.9,67,128.4,164,128.1,94,128.1,102,130.4,111,128.7,1520,128.6
19345762297,338,138.6,227,140.4,171,140.0,223,139.8,271,140.6,139,139.1,325,140.5,189,140.1,201,140.9,221,140.6,2593,141.9
19224898106,251,137.9,136,135.5,122,133.5,112,136.2,140,136.5,86,134.5,205,136.0,105,135.4,94,135.4,131,133.8,1575,133.7
19205516178,324,147.6,158,148.8,157,145.2,163,143.0,162,142.0,78,141.3,162,142.7,80,139.8,90,138.5,54,136.4,767,137.3
19159480317,362,150.9,226,150.9,179,149.5,231,149.7,263,150.2,157,149.2,365,150.7,219,151.3,224,150.2,248,151.2,2684,149.7
19141934234,209,138.8,112,140.0,83,141.4,111,140.0,136,141.2,60,142.4,176,141.8,101,140.9,114,141.6,91,140.2,1175,144.2
19114082388,263,158.7,194,153.6,158,153.4,153,151.7,199,151.3,100,150.6,185,150.6,70,146.6,76,144.1,67,144.2,572,135.0
19081737215,419,138.2,261,138.8,217,140.1,254,139.4,320,139.4,181,139.0,437,139.2,255,138.4,263,139.2,261,139.7,2836,140.7
19045109672,201,132.0,108,133.1,100,132.9,112,133.4,124,132.4,84,134.4,185,131.3,101,133.3,107,132.5,96,134.3,1162,135.0
18992385210,295,136.6,228,136.1,215,136.9,247,136.9,242,136.6,117,136.3,260,137.5,187,136.4,234,136.2,275,136.7,2294,136.6
18938766682,160,138.1,122,138.6,108,139.0,93,140.1,113,139.5,76,141.3,176,138.9,99,139.3,122,138.0,127,139.1,1158,140.7
18920580253,217,138.4,200,138.6,224,139.6,218,139.0,245,139.6,99,139.7,308,139.9,128,141.0,189,140.0,266,138.4,2437,140.7
18906384798,43,137.4,36,134.4,32,136.7,31,138.5,25,134.8,8,137.4,42,135.1,43,136.5,33,137.6,40,138.9,385,139.3
18860783442,149,130.5,128,130.7,97,132.7,104,136.0,122,137.3,71,136.9,121,135.3,101,132.3,117,133.7,134,135.4,1209,136.9
18818667676,109,127.5,96,127.7,105,127.9,131,128.7,117,131.7,60,133.4,141,132.2,101,129.7,119,129.9,123,129.3,1342,132.5
18793136048,259,137.3,157,138.1,97,135.3,85,136.5,74,134.8,46,139.2,220,137.3,170,137.1,154,134.0,143,133.7,868,121.7
18757180636,156,150.7,114,151.5,130,153.7,107,153.3,103,149.7,51,149.2,106,149.3,84,152.6,84,153.9,142,154.7,709,153.7
18625613756,133,129.0,92,131.0,101,127.1,132,128.6,141,131.0,68,133.4,152,130.9,99,131.5,87,129.8,117,128.3,1356,131.6
18564068721,69,132.6,59,127.5,68,130.1,100,130.2,136,129.2,75,129.2,116,130.9,43,127.5,69,132.1,79,132.7,1916,126.2
18502696185,61,136.6,24,132.4,34,131.0,87,132.8,162,132.7,172,132.6,436,133.1,257,133.2,250,132.0,238,131.3,624,129.3
18479662202,34,129.8,7,122.3,9,129.7,10,130.3,46,128.0,50,128.4,208,127.1,215,126.1,248,127.7,278,129.1,2503,131.7
18424139320,170,131.0,34,131.3,44,128.8,67,130.1,158,128.7,126,129.4,354,130.3,254,131.8,324,131.4,309,131.4,2823,128.9
18400661581,65,129.8,22,125.7,40,126.8,65,124.8,137,123.9,102,124.7,283,125.2,170,127.6,191,128.0,209,128.0,1694,133.2
18375116858,316,139.8,163,141.8,99,140.5,88,140.3,104,135.8,46,139.4,155,133.2,104,132.3,107,133.0,95,131.9,1120,127.3
18307882711,96,132.8,39,137.2,34,129.5,60,127.3,121,125.0,93,125.4,272,125.7,177,127.2,171,125.6,158,124.0,983,110.1
18280968088,53,131.9,27,135.4,83,136.0,131,131.7,278,133.6,215,133.7,461,132.6,184,131.3,170,130.7,162,131.1,985,114.8
18252514996,156,146.0,136,147.8,89,150.2,81,149.1,105,148.1,65,146.2,147,147.8,112,148.0,136,148.2,122,148.3,858,147.5
18185332269,79,126.8,60,134.6,46,133.2,67,134.7,56,130.5,30,135.9,49,129.8,33,129.2,42,129.5,52,134.8,633,132.8
18167412308,1179,153.7,692,154.3,320,155.4,283,154.8,349,153.9,259,154.2,830,153.4,560,154.2,669,153.7,603,154.2,1353,154.3
18153086164,71,150.9,78,148.7,62,149.8,59,147.2,33,147.5,8,154.0,53,151.3,47,149.9,57,150.1,95,149.7,326,148.2
18120002648,169,138.4,83,136.8,44,136.0,44,136.4,76,135.6,64,135.9,155,137.8,57,137.0,72,134.3,75,136.6,340,134.4
18092858185,159,141.9,155,143.7,114,141.9,105,142.4,88,141.9,43,140.9,116,142.7,88,142.9,147,143.9,169,143.0,1159,141.7
18066477374,238,144.7,192,145.2,75,144.6,60,144.0,59,143.5,54,143.5,129,144.5,142,145.4,165,145.6,144,144.9,580,144.0
18003966996,80,138.5,43,139.6,63,139.1,148,137.9,360,137.4,263,137.2,627,137.6,302,137.3,267,137.3,220,138.4,977,127.5
17952217499,48,146.4,14,140.8,23,145.2,68,145.8,158,147.5,137,147.4,383,146.2,194,146.8,175,145.9,168,146.1,1135,147.7
17878170894,155,140.1,80,140.8,178,140.3,491,140.5,841,141.2,661,141.2,1473,141.2,644,141.6,512,142.0,365,142.2,3229,130.5
17855826113,190,153.7,170,155.8,214,154.1,318,152.1,477,149.6,264,148.6,490,148.8,192,148.6,169,146.7,106,146.7,569,142.1
17828791194,107,132.6,64,133.1,73,131.6,151,133.6,247,133.8,200,134.5,434,134.3,220,134.8,166,134.9,158,133.9,1504,120.5
17790409312,119,143.6,141,143.9,195,144.4,522,143.6,1059,143.6,784,142.0,1709,140.8,788,140.2,682,140.5,433,140.5,1880,140.3
17768888959,96,141.9,77,142.6,142,144.0,286,143.5,513,143.3,312,142.6,583,142.5,219,142.1,159,142.8,87,142.2,493,135.9
17744812563,249,151.1,348,150.8,368,150.9,449,150.0,320,148.9,145,147.6,227,145.8,76,143.0,62,145.1,53,141.7,360,141.2
17708003639,96,138.6,57,135.9,95,136.8,252,134.7,455,135.4,266,135.5,605,137.6,292,139.7,354,142.9,311,143.9,1406,144.2
17687273665,23,132.5,14,134.0,35,127.1,56,130.0,107,130.3,65,130.2,143,131.3,93,132.5,82,132.4,72,132.8,594,125.8
17674608400,383,145.7,226,147.7,142,147.2,167,147.5,194,146.5,102,146.0,242,145.0,104,142.8,64,142.8,70,143.1,997,135.4
17651148123,889,151.8,549,150.2,350,145.3,346,147.7,400,151.0,245,151.3,543,150.6,413,150.5,386,149.1,441,148.7,3154,145.2
17626342219,40,139.7,19,135.0,40,135.2,120,136.1,319,138.8,230,141.0,496,143.8,246,144.3,246,147.8,214,149.8,1296,142.4
17614246367,231,150.7,216,151.8,180,151.1,274,150.3,347,148.5,191,146.6,381,146.8,155,145.5,132,144.3,116,144.3,937,140.8
17576809866,475,145.6,147,145.0,206,145.6,370,146.3,820,145.8,533,145.4,1062,146.1,525,145.5,391,145.9,315,145.3,1684,145.0
17542752466,54,138.4,42,134.0,73,137.3,159,136.9,251,136.8,174,137.3,378,140.9,212,140.5,215,144.4,210,146.3,838,143.2
17516920650,210,156.4,236,158.1,269,156.2,368,157.5,426,155.1,184,152.6,318,151.6,135,148.6,101,146.5,101,147.0,815,145.1
17485098146,169,147.5,66,147.2,93,146.2,204,146.5,510,146.5,466,147.3,1204,147.7,713,147.4,625,146.9,506,148.1,2153,143.9
17441342476,72,144.8,45,145.0,96,143.4,215,144.0,398,144.3,286,144.3,549,144.5,223,144.5,167,144.9,134,144.5,461,144.1
17385070100,126,143.4,55,144.7,119,142.1,235,143.8,569,144.4,357,143.9,754,143.6,274,143.7,242,143.2,176,144.2,684,136.0
17364805036,79,138.5,26,135.2,72,133.7,133,135.0,315,137.7,169,139.1,364,140.3,182,142.1,134,141.7,143,144.4,586,144.8
17338833871,348,149.2,270,151.6,256,150.7,221,148.0,198,145.9,85,145.3,156,143.8,49,140.0,47,139.8,35,133.0,784,117.7
17316398213,147,146.6,75,146.7,140,148.4,290,147.4,705,146.6,596,144.7,1303,143.0,604,142.4,469,141.8,339,142.8,1107,135.2
17296688088,69,136.9,41,134.9,87,133.9,145,134.4,298,133.9,184,135.7,406,139.0,184,140.9,178,142.4,136,143.5,511,145.2
17271103639,274,144.6,184,142.6,201,143.5,280,144.8,353,145.9,172,145.4,347,147.3,164,146.2,165,146.1,104,147.3,1142,131.4
17226789269,136,148.1,98,149.5,150,150.4,404,149.4,717,148.6,511,148.6,1184,148.4,517,148.3,344,148.0,295,148.5,1250,141.7
17207029074,85,141.2,28,140.8,80,140.1,129,142.0,290,141.8,156,142.3,407,141.4,245,141.6,257,140.6,212,141.2,1085,138.3
17183186726,338,151.2,306,156.5,245,154.5,261,151.6,283,148.5,164,147.5,315,146.8,124,144.6,110,145.5,114,144.8,882,141.6
17149846708,225,153.7,197,156.9,294,156.5,581,155.6,796,154.0,508,154.3,852,153.1,318,152.4,205,153.5,155,153.1,715,147.3
17128254833,55,142.1,26,140.8,40,142.0,93,139.2,235,140.1,201,140.6,507,140.9,221,142.6,207,143.7,200,144.9,787,146.0
17103654020,195,159.1,234,159.9,221,159.2,349,157.9,356,157.7,176,157.3,302,156.6,102,155.9,98,154.8,67,154.1,492,150.2
17070383822,74,143.8,50,142.8,88,140.3,249,140.8,518,140.4,343,140.4,801,140.6,322,140.5,233,140.9,181,141.1,486,143.3
17048141612,39,134.3,12,131.4,31,133.0,79,133.5,183,135.7,158,137.0,378,137.4,216,139.8,197,139.5,196,141.6,932,137.9
17034523126,144,153.3,162,156.2,169,153.1,305,152.9,357,149.4,161,146.9,249,145.2,93,142.2,78,142.8,50,141.3,500,138.4
16958619537,96,136.8,62,136.4,78,135.2,177,135.6,316,136.4,196,135.2,443,136.0,189,136.4,143,135.8,156,136.3,711,131.9
16945879727,72,135.5,37,135.1,52,132.5,99,134.0,180,133.4,142,134.1,368,135.7,189,137.5,188,139.4,147,139.7,859,138.8
16935506975,228,160.4,129,159.2,93,155.6,86,154.5,192,151.0,115,154.7,323,154.9,176,155.0,142,155.0,132,154.5,775,148.0
16903617403,91,148.6,47,147.7,100,148.5,258,148.7,581,148.6,459,148.6,1000,148.5,485,149.0,378,149.4,288,148.9,838,146.1
16864066838,42,148.7,23,139.4,76,148.4,197,144.6,365,145.7,259,146.3,561,147.8,239,151.9,220,150.5,195,150.1,1390,139.8
16844747768,113,146.6,82,154.8,152,151.8,281,149.5,504,149.4,327,149.7,735,148.0,369,147.9,342,145.5,320,144.7,1380,142.6
16830381347,49,140.4,35,136.4,47,136.3,92,137.5,203,139.5,165,139.0,410,140.4,253,142.3,259,142.1,197,142.5,811,136.2
16810959196,122,149.8,127,152.7,210,153.2,284,152.2,383,152.8,194,151.6,277,150.4,109,149.4,98,148.4,78,148.5,435,145.0
16783457175,81,135.7,43,135.6,73,135.4,142,138.3,308,137.5,244,137.1,536,136.9,239,137.9,209,135.7,187,135.3,717,130.0
16765792284,29,130.2,11,125.5,16,123.1,47,126.9,128,129.6,113,129.1,333,132.3,171,133.9,157,136.2,143,136.2,633,140.4
16757016099,277,147.5,156,150.5,103,150.0,135,148.7,163,146.4,77,142.3,185,137.9,86,137.5,70,138.3,58,139.2,1376,130.6
16756629992,9,108.4,9,107.9,8,97.4,19,99.5,43,105.7,33,107.5,103,108.2,57,104.9,60,105.6,54,106.0,386,103.6
16722032037,109,152.3,112,154.4,167,154.7,339,153.9,681,154.7,402,154.6,849,154.1,353,153.4,241,152.4,199,152.6,724,144.9
16703000837,63,135.9,28,134.1,74,132.3,128,132.0,218,133.4,133,133.5,317,136.1,165,138.7,174,138.9,151,141.1,754,143.4
16694867636,119,144.4,99,146.4,155,145.2,228,144.3,355,144.8,207,144.2,423,144.2,198,142.9,165,144.0,124,145.2,560,144.5
16658230716,133,153.5,136,156.2,219,155.4,385,153.8,570,153.6,325,152.9,682,151.9,252,151.6,246,151.0,171,149.4,579,151.2
16649103961,33,151.3,7,148.3,18,149.7,27,150.8,84,150.1,118,150.2,339,149.6,222,150.1,256,151.3,235,150.7,815,151.4
16639607240,44,148.9,13,146.2,28,145.7,71,151.5,214,152.8,181,152.2,458,153.8,259,153.8,239,153.6,195,152.5,479,150.7
16591565333,122,152.0,117,152.9,207,153.1,471,152.9,601,152.0,352,151.3,681,151.0,258,150.7,218,150.8,130,150.5,526,151.1
16563271737,105,136.8,75,138.3,135,138.4,199,139.7,346,138.0,227,138.5,404,139.7,182,140.0,157,139.8,113,140.1,780,126.2
16535590200,91,154.5,146,154.4,260,153.7,547,152.6,831,152.2,495,152.0,835,151.5,286,151.0,187,151.5,133,151.4,351,151.1
16516782183,111,148.1,67,147.6,97,147.6,194,145.3,325,145.2,173,146.1,397,146.1,188,146.0,177,147.3,142,147.6,714,147.5
16506662873,192,154.9,212,155.5,282,153.1,437,152.5,448,151.9,235,150.8,451,148.8,145,150.2,129,149.0,103,149.6,519,147.0
16477356623,175,153.1,139,155.1,222,154.6,402,153.8,651,152.2,318,150.9,555,149.6,170,148.8,171,148.5,114,147.2,520,148.0
16456625967,73,141.3,32,137.0,38,138.7,120,135.9,234,138.6,152,139.0,318,141.9,171,144.4,206,146.0,176,146.6,986,147.6
16436561898,186,156.6,145,157.6,155,158.5,285,157.6,450,155.3,250,154.5,534,152.7,219,152.9,209,152.1,163,153.2,738,149.5
16385579227,43,145.0,39,139.3,78,143.1,141,140.9,250,142.6,149,144.6,281,147.5,145,149.5,148,153.2,132,154.3,472,154.6
16365054084,200,149.3,138,156.5,151,153.3,172,152.8,202,150.5,85,148.3,155,146.9,94,145.0,78,141.8,78,141.8,810,136.8
16334134811,77,140.9,28,137.4,49,136.5,135,142.0,241,141.0,188,141.1,505,140.6,266,140.5,261,140.5,201,139.7,799,137.7
16261850238,123,150.4,100,154.4,125,154.5,260,153.6,479,153.0,317,152.5,681,150.3,330,147.1,289,146.8,216,146.1,723,145.8
16223390488,366,154.1,230,152.4,149,151.4,141,152.6,155,155.1,85,151.9,249,154.2,154,152.9,183,152.6,244,152.2,907,151.3
16193773529,103,145.5,101,144.7,160,146.5,346,146.1,507,146.7,299,145.7,616,144.2,241,143.4,181,143.3,130,142.6,674,139.2
16177759100,54,135.3,29,135.2,31,137.5,70,133.5,163,137.4,92,139.4,280,138.6,136,138.6,126,135.6,106,137.5,598,133.4
16151367023,98,150.2,123,149.7,123,151.2,242,152.3,389,150.8,270,148.2,562,148.7,265,145.9,219,146.1,205,145.2,943,135.6
16075510450,224,151.4,198,151.8,203,155.1,258,153.1,255,152.9,148,149.3,253,149.0,126,148.3,91,148.0,78,146.8,1158,144.3
16053663883,30,147.0,28,126.3,58,143.1,72,146.1,150,138.0,250,140.5,535,138.3,573,135.9,323,132.9,90,131.9,457,136.1
15968041834,357,161.7,93,155.2,39,159.3,32,157.1,52,157.8,31,158.3,320,162.5,341,161.2,108,157.9,57,152.8,214,157.6
15933793907,300,154.4,122,150.4,78,142.5,60,155.4,70,144.7,76,152.2,218,156.0,136,150.4,114,148.2,122,143.8,421,143.4
15907364099,176,158.0,148,156.1,87,156.3,93,153.7,85,155.5,41,158.9,117,157.0,65,157.4,108,155.6,129,154.9,853,153.0
15889205326,126,154.7,102,151.9,57,152.4,46,149.5,66,154.4,30,155.6,92,151.7,61,150.1,80,150.2,113,150.4,443,150.7
15072306389,211,142.6,103,142.6,73,142.9,48,139.5,58,142.2,55,142.5,156,140.9,82,142.5,96,141.9,98,144.6,984,144.9
14925900379,229,157.8,107,157.3,74,157.0,63,156.2,91,154.8,73,157.6,113,157.8,120,157.2,92,158.1,93,157.2,633,146.5
14888746137,152,135.2,114,138.3,77,136.6,78,140.4,67,138.0,28,137.7,83,137.0,94,137.9,90,137.4,111,138.8,1315,131.9
14843280544,194,151.8,155,150.4,113,149.9,76,151.1,54,151.3,37,155.2,135,153.3,110,150.5,146,151.4,149,152.8,971,146.2
14767539155,261,153.1,144,151.9,67,152.2,57,153.2,68,152.9,51,151.5,145,150.0,114,152.6,137,151.0,118,150.5,806,144.4
14748502753,186,140.6,125,140.2,85,140.2,57,142.0,76,141.9,48,137.1,124,139.2,57,143.6,103,139.0,98,140.3,896,138.6
14736761779,160,140.6,88,142.5,77,148.1,71,141.8,76,143.4,43,144.2,110,144.9,104,142.9,106,143.6,76,145.4,1341,141.9
14698325602,197,146.4,100,143.5,55,147.5,59,141.1,72,145.7,56,146.0,129,145.9,66,145.5,77,145.6,101,145.4,1440,143.0
14673765771,235,153.4,116,150.2,74,151.2,67,151.8,107,150.0,45,148.1,145,151.4,112,153.2,89,148.9,82,149.9,989,147.0
14633791733,214,153.0,102,154.5,81,153.2,90,153.5,98,154.4,42,158.9,154,155.1,93,154.2,106,154.6,124,152.4,1110,142.5
14426862610,220,147.4,89,142.0,59,137.5,73,147.3,84,142.2,47,147.1,139,139.6,86,143.0,82,142.6,91,140.5,1255,142.4
14398838653,198,146.7,129,146.7,80,146.4,69,145.4,65,148.5,68,146.3,193,146.6,123,147.4,123,147.1,118,145.8,1103,139.3
14337318751,174,147.7,121,147.3,72,148.2,82,149.2,78,148.2,53,148.6,153,148.9,107,148.0,125,145.6,150,147.8,1171,145.4
14316388953,82,132.5,65,135.6,37,136.1,49,141.3,46,133.4,16,137.6,77,132.6,55,137.6,61,139.1,62,140.1,589,131.4
14197906922,188,153.6,140,154.8,117,154.7,102,155.5,106,153.7,64,155.7,198,154.4,105,153.6,121,153.7,156,154.7,1116,154.0
14120724402,91,134.6,93,138.6,43,146.1,45,138.6,55,135.8,43,130.8,89,139.3,65,139.7,69,140.6,76,140.7,569,133.7
14101797118,209,140.6,230,140.1,181,142.5,193,141.1,137,141.1,78,141.6,238,141.5,168,141.9,206,140.9,263,141.0,1641,137.3
14060592025,173,147.1,143,147.7,97,149.8,112,148.5,120,148.3,41,150.0,182,148.3,153,149.5,146,147.8,117,148.0,821,148.3
14042458599,224,144.2,120,143.0,127,144.2,91,146.6,89,141.7,52,140.1,149,143.4,100,145.0,117,145.9,105,146.4,1234,138.6
13987229647,171,150.3,95,151.5,54,151.3,62,148.8,63,151.1,34,151.5,108,150.4,86,151.1,83,150.0,134,151.1,415,146.8
13976723387,217,145.7,136,146.4,104,145.7,90,146.9,84,147.1,56,146.7,157,147.9,122,147.3,146,147.7,158,145.9,891,145.2
13920346473,227,145.4,180,147.0,93,146.2,72,142.7,101,145.3,69,146.8,216,148.0,116,147.9,166,145.5,182,146.6,892,142.4
13891648054,159,150.2,123,150.3,103,150.5,91,148.8,85,151.5,63,150.9,137,148.8,103,150.3,118,150.0,112,150.6,1049,147.0
13874047121,190,147.5,123,151.3,85,148.7,67,144.0,88,149.2,39,152.3,143,151.0,120,148.9,129,148.8,100,149.4,655,145.6
13846836151,127,143.2,121,148.2,81,148.4,71,149.1,89,147.9,40,149.0,151,146.8,70,147.8,117,146.2,88,146.8,838,144.8
13800187861,79,145.9,123,151.4,72,149.9,58,151.2,60,145.8,22,141.7,127,148.4,75,145.6,88,150.9,134,148.6,524,145.2
13771371478,82,141.3,81,143.0,85,144.2,66,147.6,58,143.7,25,144.1,88,142.1,83,140.0,95,143.3,109,143.3,895,150.7
13636504745,30,141.8,29,140.3,36,140.3,47,141.8,35,140.0,15,139.1,37,141.4,11,141.7,22,141.6,35,140.4,480,141.7
13541383428,137,137.5,106,139.1,122,139.1,67,137.7,78,141.0,34,134.3,114,139.0,92,138.7,127,138.8,131,138.6,808,135.4
13478446408,209,148.3,113,146.7,58,150.9,77,149.6,74,149.7,59,145.3,161,146.2,111,146.7,109,147.8,116,150.4,566,147.9
13381929376,156,146.1,103,143.8,96,147.8,84,146.2,67,148.7,40,145.8,177,146.1,87,145.8,108,148.5,140,147.1,743,146.4
13356224513,140,138.9,172,140.3,120,141.3,98,141.0,70,140.4,36,139.7,155,140.7,89,142.3,142,139.8,179,139.9,909,140.5
13275224042,157,144.4,139,144.3,88,145.3,127,144.0,100,145.3,48,150.0,177,146.5,113,143.3,114,145.0,137,144.3,946,133.0
13234380248,236,149.4,142,149.0,123,151.5,94,149.8,124,149.3,62,148.8,181,150.6,150,149.8,164,150.9,136,151.0,1148,146.3
13203316423,214,149.6,194,151.2,82,151.9,77,149.9,93,150.9,57,149.8,210,152.0,123,150.2,122,151.6,116,150.9,866,147.8
13137665392,306,143.5,159,143.8,115,144.1,64,142.2,110,140.6,68,142.9,186,143.7,115,144.8,179,144.5,140,145.0,894,140.3
13109343869,130,156.1,81,156.5,56,160.0,53,157.5,44,156.0,44,156.2,113,156.8,78,158.0,77,158.1,86,156.0,387,156.1
13088641287,178,145.9,136,138.9,60,143.2,80,145.6,55,143.9,37,145.2,115,141.9,112,143.0,124,144.4,139,143.5,516,142.4
13074353410,277,149.4,246,148.8,158,147.1,129,149.8,109,148.6,81,148.2,262,148.7,186,147.0,224,150.0,217,149.1,1206,148.2
13054941568,284,153.1,172,155.3,93,154.3,75,155.5,72,154.1,68,153.4,205,153.0,142,153.6,180,154.4,208,154.8,867,150.7
13047862209,37,135.2,29,131.9,26,131.6,16,133.6,22,138.8,15,146.4,25,131.2,23,130.0,19,143.8,19,139.3,151,136.6
13032708302,169,152.9,119,150.7,76,150.4,58,151.0,74,153.5,61,151.5,147,153.9,91,147.9,120,152.5,115,150.9,458,141.3
13018593355,97,136.3,109,141.5,65,139.4,70,136.1,34,136.1,29,132.9,83,141.0,96,137.1,116,138.9,112,140.7,521,135.3
12990768581,202,146.3,199,147.2,93,145.9,131,147.5,82,148.6,36,143.6,109,145.3,114,147.2,144,148.2,185,146.9,1109,146.2
12939567951,253,148.9,185,150.5,93,149.7,94,148.0,102,149.3,54,151.7,236,149.5,184,148.2,179,147.0,182,149.7,576,148.3
12902228750,167,149.0,86,148.0,81,149.6,70,150.1,74,149.9,37,149.6,152,149.1,80,148.4,80,149.2,78,148.8,595,148.7
12887058279,118,143.9,143,143.0,106,143.8,106,144.5,90,144.4,47,144.4,136,141.3,96,141.8,131,143.9,166,145.9,864,146.0
12879035791,277,154.4,113,150.2,66,151.2,89,153.2,81,154.0,73,153.9,231,153.8,139,153.3,125,150.9,111,152.5,357,149.8
12832221952,237,150.3,136,150.7,87,151.7,75,148.3,82,149.1,46,150.4,181,149.5,113,151.4,119,149.1,112,151.1,715,145.7
12816499235,293,148.5,270,148.3,150,146.2,127,147.1,164,147.4,92,146.9,275,148.2,202,148.6,213,148.8,204,149.2,1147,147.8
12799771534,23,129.3,30,137.3,35,138.5,61,131.2,51,131.8,29,135.3,55,138.7,39,133.4,31,135.5,43,132.6,513,131.8
12792584102,181,152.9,93,148.0,57,149.8,71,152.6,86,152.3,62,151.1,159,149.7,67,148.1,64,144.8,59,143.5,531,140.2
12776262482,199,143.7,142,144.5,130,144.9,81,144.9,101,145.9,60,147.4,194,143.8,131,145.1,181,144.4,186,144.6,858,135.1
12751416040,125,143.9,127,144.3,81,142.6,90,143.6,92,141.2,51,143.0,120,142.8,59,143.6,102,142.3,122,144.1,1725,138.9
12721207877,144,141.7,154,140.5,129,138.9,132,139.5,111,141.3,54,141.8,174,139.8,153,138.4,167,141.8,178,142.0,1083,142.9
12694570898,123,158.1,124,159.0,85,158.1,83,160.3,75,158.7,44,155.8,129,156.3,87,158.5,103,158.1,133,159.5,661,159.0
12694313271,147,153.1,139,153.8,75,155.2,76,154.3,71,153.9,67,153.9,163,152.0,108,152.8,121,153.8,111,154.1,701,150.1
12673056320,234,156.4,116,151.6,79,156.3,82,154.1,94,156.3,66,155.2,148,153.2,91,151.1,101,153.1,95,153.1,444,150.5
12655936923,244,146.8,212,147.3,133,148.2,130,148.7,139,146.5,55,144.1,224,146.4,173,147.6,208,146.5,229,147.0,971,146.1
12623708385,191,159.0,95,157.9,48,157.1,69,157.3,57,156.8,61,156.3,154,158.4,96,158.5,93,158.6,110,156.0,244,158.7
12601134901,232,144.6,190,144.7,172,145.0,97,145.9,113,145.5,60,144.2,209,144.9,137,144.3,162,145.6,132,145.7,1125,140.5
12560530854,215,154.6,73,151.6,62,150.7,82,152.3,130,153.5,62,151.3,140,153.9,63,152.3,74,151.2,56,150.1,498,147.2
12543669690,333,156.0,114,155.7,55,157.6,67,155.0,122,154.6,73,154.4,214,156.6,105,157.9,111,158.1,107,158.6,490,155.4
12525240490,202,147.9,124,150.4,104,149.6,86,148.3,77,150.7,44,148.4,157,149.2,87,148.8,103,151.0,108,152.0,810,145.9
12486588191,292,154.3,117,154.9,57,153.0,69,151.9,103,153.3,82,155.5,208,155.1,127,155.6,96,155.6,97,153.7,529,152.7
12479294217,19,122.0,7,133.1,10,125.9,11,122.8,2,140.0,0,,22,127.6,7,135.3,11,125.6,11,125.0,124,130.0
12427881457,257,153.4,131,155.9,91,158.1,78,156.7,115,156.9,68,157.3,194,153.1,118,156.1,105,153.0,100,154.4,641,155.6
12378696606,262,152.7,82,152.4,52,152.4,55,152.3,111,156.0,72,151.3,175,148.2,99,152.7,93,147.5,85,155.2,491,146.3
12319323827,145,153.5,89,151.7,61,152.8,58,152.4,88,153.6,47,156.9,105,152.8,78,150.7,89,148.9,83,151.1,293,149.2
12299780367,224,146.6,79,147.1,61,140.8,61,142.8,72,147.9,54,142.6,119,142.2,50,146.2,59,149.2,45,148.2,586,143.3
12140879764,191,142.4,110,143.2,53,143.6,56,143.9,66,141.9,63,143.2,118,141.4,81,142.5,48,139.6,64,143.7,549,143.7
12098713197,205,152.0,109,151.3,62,152.1,85,151.7,68,151.9,60,151.7,153,153.3,92,153.4,113,151.2,122,151.8,526,151.3
12080983932,374,159.2,84,154.4,85,156.8,80,157.8,148,159.9,104,158.2,229,159.0,78,158.7,68,156.9,63,153.8,415,154.4
12064443671,307,140.0,91,140.0,61,137.5,84,135.0,119,137.0,66,135.1,166,141.9,79,141.8,93,141.7,60,139.2,1245,143.4
12043699727,204,145.8,122,146.2,85,143.6,55,147.5,71,149.1,65,145.5,143,145.3,90,145.9,104,146.9,109,147.3,1132,145.5
11985725117,59,133.1,108,135.7,92,137.9,112,137.9,78,138.1,27,138.2,58,140.6,60,135.2,71,136.3,97,137.4,1060,136.8
11955845491,304,140.3,96,138.3,83,138.3,114,140.0,98,142.9,45,143.6,167,143.7,95,139.7,88,133.5,78,136.7,1079,132.4
11938506166,43,133.5,47,137.5,25,133.2,36,134.8,59,133.6,32,136.1,67,137.8,29,136.8,30,136.3,35,138.7,1218,137.4
11905588443,90,138.3,64,143.9,141,135.5,48,130.8,32,119.9,57,129.2,18,131.3,24,141.0,42,145.0,74,131.3,521,125.7
11858217541,120,144.0,113,141.0,76,141.1,68,145.9,74,142.1,45,140.3,114,139.9,90,142.9,89,143.1,101,142.3,1173,144.7
11673353670,205,147.2,61,150.8,71,144.6,61,147.4,83,146.4,42,142.8,132,149.6,54,147.9,62,145.0,59,148.0,445,139.9
11548764713,168,147.2,198,148.5,140,147.6,145,147.9,171,147.2,99,148.5,214,148.6,151,148.7,155,148.2,196,148.6,1809,145.4
11510739934,158,138.1,120,137.9,77,139.1,103,138.3,105,137.6,77,138.6,148,138.2,96,136.7,92,137.6,102,138.4,1062,139.4
11438716961,163,154.5,167,155.6,122,155.5,99,152.3,55,151.3,25,152.0,116,154.3,122,155.2,154,155.3,153,154.4,607,153.9
11403897005,236,157.2,145,158.1,111,158.0,139,158.3,139,158.1,79,158.3,139,158.0,76,156.7,62,159.1,67,159.2,517,156.6
11181947737,369,137.2,328,136.0,200,135.3,252,137.9,266,136.8,159,138.5,354,138.2,262,137.5,232,136.2,265,136.8,2917,135.3
11051647282,236,152.0,104,152.2,77,154.2,73,154.4,83,148.9,80,151.0,173,153.1,106,150.9,107,153.5,100,151.7,720,151.2
11031333780,248,153.1,170,151.5,144,150.4,172,152.8,159,152.9,103,153.5,261,152.6,129,151.8,207,152.6,196,151.2,1969,149.3
11009925385,204,153.6,135,154.2,76,152.6,86,154.6,89,154.3,64,151.6,201,153.4,111,153.9,113,153.8,107,155.3,721,151.7
10981023495,300,156.8,236,158.5,145,158.3,202,157.6,218,159.0,140,158.6,301,158.1,225,157.4,215,157.0,259,157.4,2536,158.0
10953923902,94,146.7,78,146.4,62,148.9,50,147.1,68,149.1,45,147.3,82,146.5,65,148.7,69,147.1,99,148.7,817,148.5
10883262095,228,154.9,178,155.1,141,157.4,134,158.5,127,154.6,74,154.3,226,155.8,154,155.9,186,155.7,174,155.3,1144,154.6
10763084572,159,160.0,133,158.0,93,155.3,133,153.8,100,153.8,55,155.3,138,157.6,113,158.2,151,157.8,133,158.1,978,154.2
10748197673,181,158.1,200,155.4,134,154.9,136,154.4,186,153.3,90,154.1,207,156.7,169,157.5,199,156.6,190,155.1,974,151.8
10723659948,206,156.4,158,158.5,84,159.3,60,155.4,89,156.0,59,156.3,156,156.9,144,157.1,178,159.3,130,159.1,721,157.2
10710894689,160,157.8,189,156.4,99,157.6,87,157.6,69,157.7,30,159.9,121,157.7,94,158.9,207,156.2,196,158.5,727,158.5
10676188538,185,154.5,144,156.9,96,156.5,74,160.6,88,157.0,30,156.4,140,154.4,137,158.0,181,159.0,162,159.5,811,155.8
10663525282,88,143.5,145,143.8,97,144.1,70,141.0,48,146.0,30,143.7,83,143.0,94,144.3,108,139.4,160,148.0,886,145.1
10585188011,210,154.0,48,152.7,17,145.2,80,140.3,59,151.8,28,148.5,70,152.9,86,156.2,38,158.1,29,140.7,385,143.9
10380889812,198,141.5,94,146.8,54,134.2,56,131.4,26,137.6,68,137.9,38,142.9,106,139.5,73,143.0,56,144.1,711,125.0
10338785220,186,156.3,101,159.8,139,151.6,124,146.7,54,152.2,60,148.6,72,155.1,42,158.8,96,159.4,73,158.7,649,144.1
10328723859,72,151.6,79,153.8,86,154.1,53,153.1,81,152.9,42,153.1,82,152.6,62,153.7,86,151.3,111,154.8,1736,150.6
10291795051,60,150.1,81,154.6,59,151.8,87,152.3,91,154.2,39,153.6,100,152.2,80,150.8,76,153.2,91,151.8,1623,152.9
10219303902,160,158.9,135,158.5,105,156.8,89,158.4,77,156.5,57,156.8,131,158.7,74,158.1,121,159.2,141,158.2,547,157.2
9984500164,206,144.0,122,147.7,117,148.4,88,148.2,112,148.6,88,145.5,208,145.6,85,147.0,134,146.5,142,148.1,935,148.5
9971727569,198,144.1,123,142.4,124,145.1,111,147.0,118,143.7,93,143.8,147,145.0,113,143.5,131,142.7,148,144.8,954,145.6
9933389520,239,152.4,133,151.9,79,153.3,79,150.6,117,151.2,83,152.4,169,152.2,120,153.7,100,154.8,113,153.7,720,150.8
9920232631,139,151.2,153,152.1,98,153.0,91,156.9,61,151.5,30,148.4,154,150.2,116,152.8,135,151.9,149,155.8,780,147.4
9899852301,195,148.8,190,150.5,105,152.3,81,149.7,71,149.7,53,150.0,179,149.0,184,147.3,167,149.2,162,151.8,841,147.3
9882580944,198,144.1,167,150.9,99,153.7,76,151.2,93,151.5,42,146.7,166,147.7,120,144.3,156,149.1,186,151.1,997,153.2
9863134479,118,144.9,167,147.7,120,147.0,112,148.8,113,147.2,42,147.3,131,147.1,128,146.1,172,144.2,157,145.7,1004,147.2
9842161259,115,151.1,99,150.3,57,151.0,71,151.4,76,149.1,24,151.7,96,153.2,71,150.0,104,148.5,104,150.9,764,138.0
9798032284,137,134.3,98,134.4,210,137.8,62,139.3,119,133.8,80,140.8,23,133.7,17,136.2,36,124.2,155,135.5,623,130.2
9768055406,142,135.3,10,140.7,251,136.1,133,138.8,49,128.3,105,133.9,34,134.6,21,138.6,18,138.8,44,132.9,756,134.5
9662057225,227,145.1,216,147.9,102,150.5,57,151.4,69,147.5,60,147.4,180,145.8,165,147.1,221,146.4,189,147.5,676,147.4
9655050701,28,102.0,2,93.0,2,121.0,0,,5,107.8,2,110.0,2,120.0,2,120.0,2,109.0,6,90.5,105,93.6
9609228531,215,147.0,175,149.5,115,134.0,45,143.8,47,145.3,83,141.0,51,145.9,85,149.1,107,151.5,154,148.3,882,131.7
9569320525,198,125.7,52,125.8,51,120.0,40,118.0,14,114.4,22,118.6,31,129.1,78,123.7,69,125.9,21,124.1,656,123.8
9481855195,106,143.9,207,143.4,172,150.0,110,149.5,61,149.6,38,146.8,147,144.6,99,145.9,187,144.1,235,147.1,834,145.0
9464831651,106,137.9,141,136.7,131,136.8,79,137.3,77,138.0,31,137.8,104,136.2,91,137.8,125,139.1,165,135.7,911,134.9
9389025559,221,147.3,177,144.9,123,144.1,69,151.4,78,148.8,50,145.1,155,147.4,163,145.8,169,145.2,175,146.0,689,141.8
9347097515,268,151.7,173,153.2,70,153.8,76,149.0,97,152.3,86,148.3,244,152.1,155,152.7,146,152.7,140,154.4,674,147.3
9327392260,192,146.8,147,144.4,109,145.9,130,149.5,135,146.5,70,148.3,181,148.9,112,148.4,123,145.9,135,145.5,1026,145.4
9320545559,206,149.8,166,148.5,102,150.3,105,147.9,103,151.4,91,151.2,170,150.2,102,151.0,149,148.3,159,147.3,858,146.6
9303614894,169,139.4,214,138.8,122,140.3,99,141.8,65,138.1,46,137.7,196,139.6,184,140.1,170,137.4,166,140.4,761,136.0
9266813220,207,147.5,112,147.5,88,148.9,69,148.5,99,149.4,57,148.4,163,147.8,117,147.8,115,148.0,125,146.9,668,138.5
9260613199,227,138.4,143,142.7,94,140.4,112,140.5,76,141.7,82,140.8,159,139.8,114,137.5,154,139.0,161,138.5,763,137.5
9178510693,125,140.5,184,144.1,89,145.0,89,147.0,89,144.6,45,144.1,105,142.8,107,142.1,163,142.9,190,144.1,962,145.3
9140257085,167,149.0,214,148.7,126,147.4,75,154.8,70,151.5,55,151.6,189,150.7,131,148.9,209,148.7,186,149.8,823,148.6
9128196863,129,152.6,227,151.0,127,152.3,101,152.1,118,150.3,60,151.6,144,149.2,140,150.0,158,150.0,238,151.0,1043,151.8
9090141015,229,150.6,204,152.8,106,156.0,58,157.0,44,153.0,33,149.2,199,149.3,184,150.4,201,152.8,175,152.7,741,149.3
9035743520,24,138.8,9,144.8,1,138.0,2,138.0,10,143.5,7,141.0,19,141.9,8,152.5,1,149.0,0,,15,127.1
9035743882,122,157.0,65,158.6,23,157.3,45,157.5,48,154.2,16,157.1,113,156.5,79,159.2,61,156.5,53,158.3,327,158.0
8999489895,233,158.3,139,157.7,102,161.7,84,159.4,66,157.3,45,159.4,223,157.3,137,158.0,140,159.4,122,160.2,713,156.7
8980373051,205,151.9,98,149.5,75,153.7,85,150.8,111,151.9,48,148.9,135,152.4,84,152.3,90,149.5,80,150.1,720,149.8
8726245328,89,156.7,109,159.5,50,165.2,37,153.6,68,163.4,39,164.4,102,161.0,71,160.4,99,159.9,101,161.4,419,154.1
8681959817,113,154.8,136,156.6,80,154.2,69,155.3,53,150.9,21,150.7,97,153.3,93,155.8,136,156.9,129,156.4,662,155.0
8139862827,126,151.1,136,153.3,129,154.9,87,151.1,80,154.3,57,153.4,98,153.4,122,150.6,139,152.1,149,153.2,1525,139.8
7259872816,140,145.4,142,144.3,134,147.0,142,145.6,122,145.1,105,148.4,133,146.1,165,147.0,185,147.4,183,147.8,2063,142.0
7255926948,2,86.0,2,86.0,2,85.0,4,87.5,10,86.0,20,86.0,28,86.6,46,85.6,85,86.3,48,86.2,6128,85.1
7208349906,197,146.8,62,151.0,58,143.0,51,147.5,75,145.8,87,147.9,84,151.4,87,152.2,15,147.6,23,141.0,997,118.2
7196304404,399,149.1,68,147.5,107,147.3,115,146.5,132,148.5,128,150.9,135,137.3,93,152.4,61,154.9,38,146.9,960,123.1
7160023898,400,153.9,55,155.6,90,152.8,83,152.8,118,154.4,168,155.6,147,157.3,111,157.5,61,154.1,45,154.1,861,136.5
7148784579,20,138.6,4,150.0,3,129.0,4,150.0,16,139.5,13,145.0,9,134.1,0,,8,154.0,9,143.7,272,124.6
7132330593,302,153.5,95,151.8,66,153.5,91,153.9,73,151.8,101,155.8,159,152.7,172,153.7,89,156.0,68,149.2,1153,135.2
7121548033,280,154.9,144,156.5,90,155.4,64,154.9,61,154.5,128,154.5,148,155.2,218,156.1,173,156.4,155,157.7,681,140.1
7094380395,315,152.2,111,152.8,85,151.9,77,152.7,84,154.7,104,153.8,122,151.0,170,154.0,131,152.1,128,158.4,867,135.7
7083827065,308,154.4,104,156.7,66,158.6,40,159.5,71,155.5,121,155.6,151,154.5,174,156.1,126,155.2,99,160.1,1597,142.4
7040751437,263,147.5,129,152.0,85,151.6,77,148.5,76,147.8,83,149.9,99,149.3,171,149.0,136,150.8,160,150.9,1485,131.2
7014414894,270,157.5,82,157.8,78,160.1,77,157.6,92,149.6,129,160.2,69,158.2,128,156.9,71,156.9,72,156.2,2108,122.2
6961506770,192,148.0,108,149.7,100,151.7,106,143.8,103,145.7,89,145.9,102,148.9,109,149.8,121,143.5,109,149.2,2357,137.0
6866454980,238,154.9,93,154.4,87,153.1,59,153.4,101,155.9,95,152.7,105,156.9,134,155.7,110,157.1,135,156.2,1141,147.4
6824764209,145,158.6,53,156.9,83,155.1,80,157.3,77,156.3,72,156.7,75,153.2,93,157.8,88,155.9,56,154.7,2021,150.4
6804771828,42,137.8,45,145.8,40,151.5,40,142.6,26,133.4,16,146.4,37,127.6,45,142.1,70,136.5,79,136.9,3913,115.9
6718401406,153,152.8,74,154.5,44,153.7,57,151.6,22,145.6,71,153.6,100,156.5,87,155.8,53,158.2,41,154.0,1688,141.4
5895771475,156,137.6,101,138.6,118,132.4,122,137.2,110,141.4,83,134.4,113,134.4,166,137.1,133,136.8,154,138.2,952,131.0
5769086261,232,134.9,105,133.5,74,133.7,79,131.4,93,134.2,93,134.9,101,133.1,141,130.8,107,134.1,98,135.7,1162,118.1
5763650071,165,145.3,63,144.4,35,145.4,88,144.9,48,144.8,78,141.2,79,144.4,66,145.4,95,142.4,80,144.8,432,136.4
5732142700,269,147.3,120,146.6,84,149.2,96,144.8,86,144.7,118,148.0,154,146.6,152,147.4,121,146.3,92,147.8,830,138.2
5721928610,273,143.5,101,147.1,77,146.8,113,146.4,142,146.7,144,145.4,160,140.3,133,141.4,148,143.1,156,141.1,1932,134.3
5705709170,256,147.1,98,145.8,96,149.3,114,145.1,112,147.3,134,147.5,113,149.6,142,147.4,98,145.7,99,149.8,877,133.0
5700527579,170,150.5,59,151.0,59,151.8,56,148.5,43,148.1,63,155.2,69,148.4,107,148.3,67,153.4,73,151.0,497,146.6
5694923117,249,140.2,121,137.6,110,137.6,99,142.8,90,140.3,102,139.0,133,140.7,151,141.6,119,138.2,109,137.1,805,130.0
5681149135,43,135.3,11,138.5,10,134.8,18,135.6,14,142.0,30,141.3,15,136.6,20,126.5,20,132.8,10,138.9,434,128.7
5668494679,239,147.9,92,145.4,85,145.9,92,149.7,90,148.6,122,150.2,113,151.9,139,149.1,172,146.0,126,151.8,943,139.0
5652212623,169,146.5,56,145.4,63,146.8,73,145.7,79,146.5,100,145.2,58,147.2,57,142.9,40,147.8,82,147.0,606,127.6
5487232386,228,143.2,85,139.5,76,141.0,76,137.3,74,144.0,90,143.1,131,141.4,141,141.0,68,137.9,74,141.2,1421,130.3
5476606819,286,148.0,84,150.1,75,144.4,115,148.1,121,148.8,113,144.2,124,148.5,135,143.0,53,150.1,113,146.6,906,136.7
5448752121,8,122.0,0,,0,,11,122.0,8,122.0,8,122.0,6,122.0,3,122.0,6,122.0,0,,48,122.0
5414128281,158,129.6,50,131.6,53,128.9,63,131.8,52,131.2,63,127.9,94,129.2,101,130.1,72,130.3,85,131.6,894,118.8
5397287381,168,145.7,64,144.3,69,145.8,53,148.0,78,149.9,58,139.0,111,146.8,86,142.8,59,144.1,83,148.7,1720,131.0
5331276680,180,137.2,35,133.4,41,140.9,54,135.7,51,137.4,51,131.8,49,134.4,53,126.2,49,134.3,39,134.2,1819,114.2
5320092658,237,152.4,83,151.9,82,155.2,101,151.2,81,154.9,122,151.3,88,152.1,95,149.0,63,149.4,72,151.3,1394,138.8
5301923688,216,141.7,62,143.4,63,139.5,67,141.1,61,137.9,68,138.8,100,145.3,102,140.0,91,137.2,84,139.2,1579,127.3
5292184567,224,144.6,73,144.4,61,143.1,99,145.3,132,143.4,102,142.8,94,147.2,106,144.8,90,144.7,111,145.9,1065,133.7
5243049281,145,159.0,37,160.6,36,159.9,35,157.4,77,156.8,53,158.3,69,158.9,44,156.4,35,158.1,35,160.2,361,159.3
5242984957,75,109.0,17,118.1,17,113.0,8,95.5,21,113.0,30,102.4,31,127.6,21,130.2,22,114.8,29,113.4,1123,98.6
5102708809,154,143.9,85,147.4,79,144.0,66,144.2,49,144.9,95,143.5,96,145.0,103,144.5,127,145.8,67,141.1,1312,148.0
5081607127,114,133.6,56,129.9,46,132.4,56,130.6,50,136.8,71,139.2,60,131.0,78,131.9,44,138.4,54,132.7,714,144.1
5051803876,66,145.8,35,138.2,37,144.6,31,142.5,47,140.1,39,145.0,47,145.9,29,143.7,57,138.6,46,143.4,524,137.0
4992713010,175,146.9,63,147.2,52,148.3,71,145.0,40,146.6,58,147.0,72,147.2,90,146.7,102,147.4,72,147.1,368,146.8
4947247258,57,152.6,37,150.3,36,153.6,46,153.4,72,152.4,56,151.1,62,153.0,71,151.1,102,154.7,79,153.1,3255,149.4
4930186488,280,152.5,91,153.3,91,153.5,113,150.9,82,151.5,117,151.8,162,151.8,192,151.9,146,152.2,113,153.2,1191,152.3
4886140616,164,141.2,100,141.9,97,142.3,104,142.2,59,140.0,104,143.1,88,144.0,93,140.6,90,142.5,131,140.4,973,143.6
4781855574,164,148.3,97,147.6,89,151.0,105,148.6,95,149.8,76,149.7,100,147.1,116,146.8,97,148.7,90,148.7,766,147.6
4735032365,282,154.4,80,154.9,86,155.4,106,154.3,106,154.1,136,153.5,152,154.8,125,153.8,132,153.6,107,152.7,854,150.0
4696586482,271,148.1,86,149.8,68,148.9,80,148.8,61,147.6,138,150.5,142,147.3,106,146.3,98,147.1,130,148.8,797,149.6
4685329951,381,156.0,128,154.2,73,158.9,87,158.7,151,158.5,86,156.8,213,154.1,72,160.4,62,159.6,64,158.2,358,153.5
4663895680,176,148.8,98,149.0,57,147.1,74,149.6,100,149.3,59,149.6,145,150.9,86,150.0,76,147.8,87,149.7,589,146.6
4599715845,246,134.3,78,138.4,73,132.9,59,131.2,92,133.9,110,135.8,103,130.5,135,135.5,93,132.7,83,132.9,865,129.5
4324666083,142,144.3,143,143.5,135,146.0,208,144.0,208,144.0,111,144.6,171,144.5,72,143.4,54,143.6,49,143.1,452,135.2
4308935515,61,144.1,90,148.2,136,147.9,210,147.3,258,147.3,130,146.3,239,146.8,84,145.5,93,141.3,53,146.5,923,129.8
4291047486,39,149.8,107,149.2,123,148.5,185,150.8,261,153.6,144,154.1,210,154.3,73,156.2,69,151.0,62,152.6,1057,138.3
4282302399,36,152.8,96,159.6,144,158.3,268,157.7,301,157.0,154,156.0,300,155.2,122,155.1,128,155.0,87,155.1,527,148.8
4272979819,13,143.3,54,156.3,109,155.9,180,154.2,258,157.3,121,157.8,246,157.0,124,158.9,88,158.1,65,155.8,562,141.6
4256217903,22,162.4,91,157.8,137,161.1,214,162.6,312,158.4,167,160.0,321,158.9,112,158.5,115,156.2,99,157.8,502,152.9
4229999379,17,129.1,52,137.5,71,139.0,124,141.5,185,139.2,101,139.3,177,139.9,88,138.7,73,139.5,75,136.4,2085,111.6
4221700223,19,144.0,62,152.6,134,154.0,261,152.4,358,152.6,198,152.4,323,155.1,110,153.4,95,153.9,58,154.7,459,144.9
4130386580,25,147.8,78,147.4,131,147.8,177,148.5,202,150.6,93,151.7,148,150.3,61,151.9,46,150.5,37,152.1,137,146.7
4121065170,25,119.8,47,125.0,109,125.1,233,127.4,402,129.4,215,130.8,406,132.3,134,131.5,97,130.1,94,126.3,2679,120.5
4111740771,14,135.8,49,143.2,94,143.0,173,143.2,189,144.6,93,145.5,174,144.3,63,142.9,58,144.1,32,142.6,256,132.0
4099051291,55,150.3,104,152.9,165,151.5,258,153.0,289,154.0,152,153.8,247,154.9,111,156.0,88,149.8,76,153.1,600,147.2
4089030327,34,143.0,105,142.6,169,143.7,203,144.1,305,145.4,135,146.6,248,146.9,63,146.8,65,146.6,35,145.7,385,139.0
4075103036,65,142.0,101,142.6,163,142.1,226,141.4,291,142.2,157,142.3,260,143.2,98,142.5,98,142.4,68,142.5,917,119.2
4064247626,31,133.3,59,142.3,103,141.5,194,143.4,236,145.1,121,145.7,214,144.9,98,143.3,85,146.9,95,145.8,638,129.3
4041489971,33,131.8,80,135.2,116,138.1,211,137.7,289,137.6,171,136.7,353,136.4,155,137.1,150,137.8,118,136.9,969,123.8
4032267193,53,137.3,127,141.2,156,141.8,277,141.6,321,141.3,127,141.9,242,142.2,108,141.8,63,140.5,58,140.3,358,133.5
4026749082,47,144.7,59,145.0,55,145.7,98,146.8,132,146.3,61,147.5,96,146.6,37,148.4,52,141.6,33,143.8,172,139.4
4020945251,68,136.8,116,142.3,163,142.6,231,143.7,258,143.7,119,143.7,232,142.4,83,140.6,79,140.1,73,141.5,800,128.2
3943110361,290,134.2,93,140.0,68,134.2,52,139.3,93,131.8,106,141.9,141,132.8,108,137.6,95,130.2,69,145.0,1011,136.3
3731137406,315,135.2,47,130.2,71,136.9,87,140.0,88,136.4,69,136.5,62,128.2,30,128.8,24,134.9,17,137.9,2032,146.5
3723044757,138,134.1,23,131.3,36,130.2,48,135.0,47,138.3,72,125.0,56,135.1,39,133.8,22,115.3,38,128.6,1479,127.0
3585239981,419,147.9,97,146.1,82,150.1,109,147.7,137,147.1,194,148.6,112,147.8,144,145.1,74,145.3,59,149.7,893,154.8
3538628934,316,143.0,85,143.7,70,147.4,100,144.6,102,142.6,132,145.2,180,144.6,137,145.0,88,142.9,67,146.9,740,145.0
3522880730,339,140.5,67,137.5,61,138.8,83,143.0,124,143.0,119,142.6,139,145.0,112,142.4,79,144.7,46,137.5,1495,140.3
3485057623,495,142.9,79,146.4,116,140.5,91,146.9,167,140.9,166,143.2,142,139.6,171,146.2,122,147.5,107,150.1,1366,143.5
3452391675,405,147.5,121,149.8,84,151.1,99,149.4,110,142.9,149,142.3,186,145.5,168,154.2,114,148.1,97,148.9,846,158.6
3442038114,346,160.5,112,161.8,95,161.0,80,155.1,114,159.6,158,164.0,88,156.5,132,161.3,90,165.3,76,163.8,595,164.0
3434451713,116,95.1,63,94.2,43,92.1,51,92.5,65,93.6,84,93.8,77,93.2,122,93.6,87,93.3,57,91.4,4650,90.1
3398792237,308,158.5,104,156.5,102,156.5,120,156.4,98,160.2,105,157.9,114,162.5,105,162.4,54,156.4,112,158.4,742,161.5
3382186051,116,123.4,26,123.8,16,134.9,23,126.9,29,123.9,51,138.2,19,136.2,20,129.2,15,147.8,18,133.7,2545,105.5
3353108422,190,127.8,55,127.3,54,128.0,57,128.3,68,130.0,78,123.9,63,123.1,68,126.8,74,129.7,48,126.6,872,132.9
3343566307,297,154.6,85,152.2,70,152.6,65,167.3,98,150.8,102,156.3,145,155.4,158,157.8,70,158.7,79,162.0,1607,137.9
3323972167,140,136.7,68,135.3,61,135.8,70,136.1,42,138.3,31,136.3,65,136.7,104,137.3,83,137.3,63,137.7,534,130.5
3208189573,554,159.2,561,158.4,481,158.6,431,163.3,369,158.8,326,160.7,288,161.4,561,160.1,500,158.6,691,158.6,4476,155.8
3195594443,205,153.5,55,152.6,43,153.3,75,152.9,59,153.6,80,153.7,103,153.2,78,153.1,73,152.7,91,153.1,443,150.6
3180451919,406,151.3,140,148.9,113,158.9,130,152.4,132,155.6,170,149.8,165,143.9,167,157.6,146,152.9,158,159.4,1655,154.7
3025811292,995,149.0,324,149.6,229,149.9,229,150.0,349,149.1,390,149.3,444,149.8,454,149.5,364,150.8,369,150.4,1047,149.3
2935252218,686,150.3,232,152.3,185,148.6,182,152.7,190,148.6,330,152.4,332,149.9,367,148.1,282,151.5,203,150.3,1309,144.5
2697181447,195,149.7,40,148.2,36,146.2,53,151.4,56,151.0,63,146.1,45,146.6,30,145.2,12,153.8,9,151.0,484,145.9
2582675938,69,153.5,17,153.5,7,159.4,11,153.7,16,155.1,6,151.7,11,157.2,5,146.0,4,155.0,8,153.8,51,153.0
2454588627,244,149.6,167,149.1,146,152.9,143,149.7,92,149.6,116,151.0,106,150.7,189,151.8,189,150.6,244,151.5,1220,150.6
2436870590,106,147.4,76,149.1,109,150.5,88,145.5,122,146.9,110,147.6,73,149.6,116,144.9,160,148.9,151,149.1,3171,146.8
2425615603,476,164.6,110,165.8,120,164.3,130,164.3,162,166.7,138,163.3,128,164.8,124,165.2,104,163.4,111,162.3,702,161.2
2418849504,333,167.6,114,165.2,105,167.6,105,166.8,121,165.9,122,166.4,83,167.9,127,165.6,104,167.3,63,168.8,835,154.4
2399345430,49,140.4,40,143.0,40,141.3,54,141.6,81,141.9,105,145.0,68,137.7,75,144.8,95,140.1,87,139.5,1557,135.8
2380873798,672,169.0,132,168.9,170,169.0,196,169.9,228,169.5,197,169.1,206,167.6,184,168.9,92,168.5,72,167.9,259,166.7
2346726744,301,174.0,105,174.0,121,174.0,81,174.0,88,174.0,113,174.0,142,174.0,187,171.9,141,173.2,156,173.3,1192,161.7
2325926286,1054,163.9,497,166.2,362,166.5,352,165.6,424,164.6,522,164.6,578,165.0,562,164.5,461,166.1,472,166.8,2322,164.5
2265582758,353,140.6,95,142.7,77,139.3,110,142.1,130,147.6,146,138.8,116,142.5,125,146.4,84,136.0,49,140.5,546,141.2
2237610253,661,161.9,289,164.0,264,162.4,231,160.8,254,163.5,283,161.8,336,164.2,397,162.4,306,162.8,293,160.7,1906,164.1
2230512195,311,159.3,99,158.0,71,159.3,74,156.7,95,156.9,117,162.5,137,158.4,169,158.2,101,154.9,83,155.8,572,157.0
2217864995,553,165.6,226,169.3,152,170.4,189,163.1,121,167.8,233,163.4,240,164.0,298,168.7,254,168.4,221,171.2,1341,166.2
2211754432,291,139.8,119,141.4,90,140.3,108,140.9,75,140.2,125,138.7,133,140.9,181,140.5,160,141.2,118,139.8,775,138.3
2074190785,298,164.0,99,164.3,80,163.6,86,166.0,95,167.1,138,163.6,164,165.1,131,161.2,82,169.6,74,161.3,776,168.8
2063203761,288,162.8,139,164.4,116,164.5,82,162.0,82,162.6,101,162.8,138,163.4,181,161.3,175,165.4,153,165.3,891,166.5
2032928039,452,159.8,132,157.9,131,156.5,147,157.8,179,158.9,167,158.6,196,159.3,228,158.5,131,158.9,144,158.1,470,157.1
2016986416,284,166.5,93,166.2,91,166.2,50,165.7,78,166.5,121,165.9,146,166.9,137,165.4,89,166.5,63,166.0,3427,170.0
2014405547,360,150.9,187,151.7,148,153.4,116,149.6,112,152.6,167,150.2,142,151.8,239,151.9,222,151.1,234,154.0,1027,142.2
1997901597,256,154.7,79,160.2,43,155.8,75,153.1,70,156.5,99,156.7,125,155.5,140,155.9,71,157.6,45,158.6,499,148.5
1986709551,327,158.0,82,162.2,69,161.4,75,158.4,109,164.2,148,158.5,130,161.0,158,157.8,96,161.3,111,164.0,510,156.9
1959484822,224,173.0,57,183.6,44,173.4,69,172.3,96,179.6,70,175.4,98,175.0,68,180.6,48,182.7,35,176.6,624,181.3
1951931404,453,168.4,94,171.0,90,164.7,127,170.1,136,169.7,160,169.4,160,171.4,144,167.6,73,170.4,61,169.0,721,159.0
1945730365,196,148.5,71,146.3,63,145.8,57,133.3,79,147.7,110,156.1,98,137.8,109,134.4,114,144.0,78,127.7,1820,127.6
1942108722,422,157.5,185,157.6,167,157.6,135,157.7,147,157.7,154,157.5,230,156.9,278,156.5,214,157.2,229,159.4,1798,149.2
1938458112,320,166.1,87,165.7,65,163.4,101,164.6,107,164.3,148,165.3,161,166.0,171,168.0,109,163.6,79,166.8,635,165.1
1914904450,277,157.8,78,162.7,73,163.5,80,160.5,82,155.2,137,157.0,76,161.6,135,160.7,73,165.0,63,159.1,707,154.1
1871652221,373,150.6,125,155.0,87,153.8,138,150.9,132,151.2,141,150.2,161,153.2,143,148.1,109,151.3,98,153.1,934,151.9
1826202597,565,159.1,103,158.2,124,161.3,146,156.8,188,159.6,188,158.9,149,160.1,161,159.2,79,154.5,36,160.3,381,159.3
1819970563,273,146.9,61,150.8,69,145.3,73,142.6,94,153.6,119,143.7,102,149.8,69,146.2,60,147.0,53,147.4,567,135.0
1809526739,487,152.8,147,154.0,127,154.4,128,153.3,157,151.7,186,152.5,220,153.2,186,153.2,109,153.6,67,152.2,457,153.7
1800496001,258,138.3,63,136.4,68,135.8,95,137.8,72,139.6,91,139.2,110,137.3,92,138.8,44,135.7,53,139.2,788,138.9
1793169930,520,155.1,147,154.7,127,154.2,161,153.0,114,156.0,251,153.7,218,155.3,211,154.0,155,153.9,144,155.8,926,154.3
1787102523,45,148.0,23,150.9,18,144.8,18,152.1,19,145.6,13,152.5,9,152.0,26,150.4,29,148.0,10,148.1,190,147.4
1787102507,72,148.9,26,153.2,13,148.5,26,147.2,12,145.0,46,149.4,25,146.1,34,154.6,27,151.1,28,149.2,131,148.3
1770308433,286,143.9,116,144.5,95,144.8,59,143.4,93,147.0,183,142.4,156,144.2,148,146.1,89,145.4,98,144.9,255,143.2
1750170409,187,150.2,98,149.3,108,152.5,133,151.5,150,150.6,175,150.7,142,151.6,182,149.3,229,149.8,162,150.7,4730,149.8
1750152487,174,154.6,69,152.9,71,157.3,96,151.9,85,156.5,75,155.8,102,152.9,100,156.1,97,151.0,92,155.8,1820,153.7
1750012258,343,162.3,95,161.6,113,162.2,142,162.7,161,162.2,166,162.6,136,162.4,151,162.0,103,161.4,108,162.4,1789,162.8
1711881009,392,158.8,98,160.1,76,160.7,111,157.8,93,156.3,161,159.0,172,158.6,149,160.1,105,161.0,68,157.4,516,155.0
1705035817,139,164.7,45,162.3,40,163.2,61,162.1,63,164.7,81,163.1,62,161.3,91,163.9,56,163.5,42,160.8,1053,150.4
1702950542,367,148.9,77,149.9,90,149.9,128,151.9,73,147.8,124,146.9,95,151.7,97,151.1,75,145.6,56,150.8,910,155.4
1662346757,158,145.1,35,147.7,48,149.0,39,144.1,28,144.8,53,142.4,60,150.6,44,146.3,44,141.2,35,145.7,412,137.0
1657015863,306,160.0,145,158.8,159,159.6,165,158.4,189,159.0,192,157.6,145,162.3,215,158.0,203,157.1,239,159.6,2021,155.8
1651825538,232,152.9,80,153.4,103,154.7,83,153.7,141,153.2,128,154.6,107,153.6,129,153.2,96,156.1,105,154.6,1430,150.2
1647355746,132,150.2,43,148.2,39,144.5,25,149.9,59,149.5,65,146.2,56,148.1,51,148.5,37,148.8,36,147.8,134,141.8
1630820178,406,154.4,153,153.8,151,154.6,151,153.5,215,152.5,194,155.9,173,154.8,155,153.9,172,155.3,169,152.1,2196,154.7
1625770995,336,150.2,103,146.1,82,145.9,100,152.9,120,148.2,165,148.6,101,148.0,104,148.0,87,150.3,39,155.4,1226,149.5
1622038014,639,166.9,149,165.4,169,165.7,198,165.4,210,166.8,198,167.3,201,166.5,153,166.6,119,162.9,85,161.9,1059,160.2
1587712859,386,148.7,108,152.6,98,150.2,118,147.8,95,150.4,139,149.7,103,147.0,102,147.9,69,149.3,49,139.8,780,147.6
1582131142,1658,159.4,351,159.0,370,158.3,427,159.6,516,158.7,518,159.5,589,159.4,545,158.6,374,159.1,244,159.5,1245,155.1
1576826308,417,148.3,97,149.6,109,148.4,115,148.0,105,150.5,143,148.1,96,146.4,74,141.3,38,146.5,68,149.1,318,144.0
1572498200,404,157.4,78,155.7,85,160.2,127,154.8,124,155.7,130,158.0,169,156.0,153,155.7,49,153.0,63,147.6,776,151.7
1566149175,556,160.6,153,159.7,109,158.2,125,162.6,182,158.9,231,161.2,241,159.5,206,160.9,91,159.3,104,160.8,263,160.1
1565646097,522,164.9,82,165.2,122,164.4,159,164.3,113,165.1,157,165.2,120,165.6,52,163.7,34,165.9,28,165.8,82,158.7
1564323824,639,164.5,137,165.5,139,162.6,211,164.7,259,165.1,264,164.6,179,164.9,145,164.3,116,164.3,109,165.0,231,164.4
1561015448,595,169.4,159,171.1,129,169.0,137,170.8,166,168.1,194,170.2,228,171.3,193,171.0,138,168.8,80,172.3,761,168.9
1559023370,422,147.9,118,154.0,85,143.1,88,146.9,102,143.1,162,149.7,191,151.6,171,147.4,78,147.1,60,157.2,804,155.2
1554577925,1570,159.8,271,158.9,367,158.3,511,160.0,504,158.8,486,162.0,362,159.1,374,158.8,178,155.1,140,160.0,1215,148.3
1548761585,443,146.4,77,145.1,114,146.2,128,145.8,99,144.4,155,144.0,106,147.8,107,147.2,57,146.3,39,152.0,1086,150.7
1548002876,107,162.4,39,155.6,22,150.8,23,145.1,37,162.6,44,164.5,46,167.5,64,162.0,20,151.4,39,160.1,507,142.7
1546101103,945,156.7,173,156.9,174,153.1,242,155.8,267,157.0,332,157.8,321,157.3,212,155.0,231,156.7,124,156.3,1608,151.3
1544162355,332,164.4,59,163.7,33,166.0,66,167.5,98,163.9,85,162.4,72,166.7,60,165.2,42,170.2,12,168.0,246,154.7
1541824224,620,158.1,139,159.0,137,157.6,188,159.4,239,158.7,215,158.4,163,158.0,132,155.6,80,161.5,72,161.1,425,158.5
1535090421,425,163.0,108,165.0,89,164.1,147,163.7,135,163.5,182,162.0,149,163.3,165,165.3,68,161.8,75,166.4,702,140.7
1533810202,24,156.0,8,156.2,19,156.3,14,156.3,13,156.2,6,157.0,16,156.0,21,156.4,18,156.0,6,156.0,41,156.0
1533719175,58,169.7,12,167.3,9,171.0,11,167.6,12,169.0,29,169.2,21,169.0,12,170.5,21,167.6,12,169.0,40,169.4
1529901381,649,166.3,133,165.8,153,165.1,163,165.8,238,167.2,140,166.4,142,164.3,143,164.8,101,165.5,42,169.7,489,167.6
1527842293,486,155.6,176,160.6,159,159.7,134,154.2,168,158.4,231,152.4,198,161.7,240,160.8,205,155.9,184,158.9,760,156.7
1522767675,1496,166.8,357,167.4,321,166.4,373,166.7,387,166.5,615,168.1,625,166.5,625,166.5,421,167.5,281,166.8,1529,170.2
1520719386,376,168.1,101,166.6,92,168.3,106,167.3,106,168.6,110,168.4,167,165.6,170,169.3,143,167.7,78,169.7,403,170.1
1517093049,71,156.9,15,156.8,7,158.0,25,157.0,47,157.0,29,157.2,38,156.6,19,157.7,3,158.0,8,156.1,123,157.5
1514996839,1140,163.5,240,161.8,247,164.4,298,164.9,388,163.4,458,162.9,407,162.6,335,163.4,216,162.8,166,165.1,1066,161.8
1510295783,39,140.8,12,136.5,17,138.6,26,143.1,20,138.4,6,134.5,10,139.1,36,138.5,15,135.4,28,140.6,213,141.3
1510039337,337,152.6,192,153.3,75,155.8,82,153.0,96,151.9,122,153.3,158,154.8,196,153.5,195,153.8,183,153.1,740,156.1
1505821570,334,144.6,116,145.8,90,149.8,95,144.1,89,145.6,136,148.1,163,146.3,138,142.5,109,141.7,103,149.1,874,138.5
1500181000,66,146.4,30,146.6,10,151.2,11,147.4,25,146.9,33,144.3,30,146.2,30,145.4,27,149.2,25,146.0,62,152.7
1497208451,1358,157.2,393,157.7,334,159.4,354,159.4,438,158.9,635,158.3,510,158.3,537,158.5,342,158.9,345,158.6,2761,157.0
1494660205,597,164.0,151,163.0,138,164.9,137,164.7,149,165.3,230,164.4,193,163.7,277,164.7,193,162.0,132,165.2,445,165.4
1484176143,1681,160.1,782,159.7,566,160.3,534,158.4,505,159.0,742,160.3,860,157.6,1112,159.3,777,158.7,833,158.8,3643,158.3
1480156380,699,161.1,107,159.6,99,162.7,202,162.3,197,161.6,227,157.6,234,161.1,241,159.6,131,159.9,116,158.5,478,161.2
1475550795,469,157.9,142,158.5,119,157.4,124,158.4,153,158.3,234,156.4,232,157.3,195,159.0,97,157.4,86,154.3,529,152.0
1473846194,727,160.2,155,159.0,162,161.1,211,157.8,228,160.2,270,160.4,229,160.8,185,161.4,128,159.9,136,159.7,466,159.0
1469655878,1798,167.5,499,167.3,371,166.9,411,166.9,584,168.5,744,167.0,741,166.9,773,167.4,502,167.2,440,167.1,1784,165.7
1467567844,500,170.3,117,168.2,106,171.8,144,170.9,160,170.6,213,169.1,158,168.8,119,169.6,105,169.6,102,170.7,662,169.8
1466504448,373,167.3,83,167.0,91,166.5,112,168.8,118,167.7,120,168.6,104,167.1,106,166.3,61,169.2,33,166.0,284,163.2
1466504091,75,168.8,23,168.6,13,169.5,34,168.4,3,167.0,44,168.6,24,168.4,27,169.2,6,169.0,9,168.3,25,167.8
1464940715,678,155.8,115,156.2,144,157.4,205,155.0,213,155.5,212,157.1,196,155.7,170,153.8,149,155.8,93,156.2,442,153.2
1459722160,1298,159.4,569,160.7,380,160.6,433,159.6,405,159.4,576,160.0,661,159.7,687,159.7,565,161.0,524,160.8,2942,160.2
1457633935,380,157.7,74,158.3,79,157.7,79,157.5,120,158.9,127,157.4,125,157.3,136,158.1,79,157.7,67,158.1,477,159.7
1446042859,1464,160.1,493,160.5,376,161.0,387,160.3,392,159.3,721,160.5,583,160.7,616,162.0,528,159.5,493,161.5,2285,159.7
1444365646,431,162.4,89,161.0,86,162.9,96,163.3,132,161.8,183,162.0,197,163.1,175,162.9,101,162.9,89,162.4,473,161.0
1439329752,618,162.6,126,162.1,103,160.9,166,162.6,185,162.6,274,162.3,238,161.9,176,162.8,135,163.0,63,162.9,579,161.8
1434439731,1874,162.8,479,162.2,452,162.2,481,162.9,533,161.5,706,163.0,778,162.5,717,163.6,519,162.3,429,161.6,2451,163.0
1431626150,439,162.5,101,162.0,84,161.9,94,163.5,144,163.7,173,162.4,118,161.7,152,162.6,98,161.8,65,161.8,580,160.8
1426262515,1220,164.3,519,164.9,257,164.4,212,165.2,253,164.9,458,163.8,606,164.3,730,164.7,536,163.9,366,164.8,2128,162.9
1422308750,394,160.7,121,164.8,84,160.9,112,159.2,111,159.0,167,162.9,153,162.8,179,163.1,122,162.9,126,159.9,672,155.8
1418082313,364,163.9,176,162.3,140,161.6,107,161.2,125,162.3,146,163.2,163,162.2,276,164.1,195,163.4,143,164.4,2298,159.6
1414280032,1338,162.1,487,162.4,386,161.7,355,162.6,411,163.5,457,162.4,457,162.0,554,162.0,509,162.0,391,163.1,2902,161.8
1410831540,439,157.3,120,157.9,112,154.6,111,148.9,138,154.9,188,159.1,196,159.3,145,159.5,127,156.6,98,158.1,404,151.9
1409415933,731,167.7,143,167.6,181,167.2,230,167.5,229,168.8,250,167.2,142,167.7,118,166.4,72,168.8,36,166.5,312,170.6
1404840126,675,156.2,135,155.5,122,156.8,190,156.2,249,156.0,253,155.1,192,156.2,154,155.9,131,156.2,59,155.2,452,154.8
1399407636,583,168.4,156,166.5,117,169.2,180,167.7,189,168.8,194,169.2,231,169.1,232,166.7,140,168.6,125,170.0,659,166.0
1398409563,214,156.4,74,156.0,45,153.4,61,155.4,81,153.6,121,155.6,102,151.5,96,151.6,94,146.3,66,141.9,1218,137.9
1396857274,403,157.5,37,157.8,99,156.0,105,158.6,56,158.1,225,161.8,77,158.5,311,154.8,51,152.6,44,159.0,714,158.4
1393566432,462,159.3,108,159.2,111,159.0,128,158.0,135,158.7,159,159.3,162,158.4,112,159.9,98,159.1,92,159.4,449,163.0
1385544378,603,151.1,119,150.9,112,149.8,145,151.7,202,150.4,258,151.7,237,150.4,207,151.1,154,149.6,122,151.8,476,150.6
1381221807,722,152.7,127,153.3,131,150.3,133,151.9,199,153.7,209,152.7,185,155.6,204,154.9,140,154.9,118,152.1,739,150.5
1374768061,18,94.3,7,81.6,11,98.8,10,95.2,10,108.6,18,102.1,16,95.5,16,98.0,18,105.2,17,101.8,10756,89.3
1372831258,553,145.7,150,143.3,116,144.2,146,143.9,207,144.3,213,144.8,183,148.5,202,149.7,143,147.7,134,148.2,871,142.3
1371186526,783,144.9,174,145.7,115,146.2,109,143.6,137,147.8,116,146.4,119,143.5,64,139.2,67,141.9,48,148.8,1830,140.1
1368587831,1292,163.5,288,163.5,308,162.9,345,163.6,375,164.6,515,164.1,415,163.0,409,163.3,259,163.2,193,163.1,952,164.0
1365286506,255,166.9,69,168.0,74,166.0,68,167.3,92,169.6,73,167.3,115,167.1,91,166.9,63,166.2,57,168.5,456,167.2
1363906341,95,147.3,21,147.3,22,147.2,22,147.5,36,147.7,15,146.6,14,147.3,24,148.8,22,148.1,12,149.2,165,148.3
1362567855,330,165.1,91,166.8,67,162.5,99,165.3,98,165.4,122,164.4,124,167.7,105,167.5,102,167.7,64,163.8,1426,165.0
1360912374,44,164.1,9,163.2,10,163.2,12,163.2,14,164.3,11,162.7,12,164.0,12,164.5,6,164.0,5,162.4,63,166.1
1359127620,29,113.0,3,113.0,0,,0,,3,113.0,3,113.0,0,,0,,3,113.0,0,,142,113.0
1359127706,656,155.5,129,154.3,121,153.1,199,155.7,255,154.8,233,155.1,184,155.4,207,154.5,133,156.5,101,154.7,324,156.2
1355398883,1106,165.3,285,163.6,277,167.4,311,166.8,395,163.6,427,165.0,434,164.6,464,166.0,314,165.8,317,164.3,1214,164.3
1353908690,465,162.2,81,163.8,85,162.4,138,162.5,181,162.2,149,162.2,120,162.0,91,164.2,60,162.2,36,160.6,449,165.7
1352518115,89,161.0,49,160.7,19,162.4,40,160.1,58,160.2,47,161.2,59,161.4,34,160.5,31,160.0,27,162.7,2891,160.0
1350949123,725,163.1,97,163.2,164,163.0,205,164.0,208,163.2,238,161.4,220,163.6,173,163.1,92,163.9,79,161.1,485,161.5
1349290352,437,158.9,102,159.6,86,157.6,125,160.2,155,157.1,128,157.0,140,160.3,139,154.8,64,155.8,65,158.5,747,159.9
1346147707,804,165.0,362,166.7,270,165.5,238,164.8,245,164.1,347,164.9,361,165.4,424,167.4,378,166.5,326,167.6,2362,167.6
1344187041,615,162.0,141,163.0,116,160.1,134,160.7,225,161.6,229,161.7,262,160.9,256,160.6,194,162.5,148,161.7,1157,169.2
1342266236,344,159.0,125,157.6,101,157.1,103,161.5,141,160.0,144,159.1,122,159.9,153,161.4,107,159.7,96,160.0,975,159.5
1340509144,296,155.9,150,154.5,154,155.8,96,153.9,84,157.5,99,158.1,163,155.9,165,153.3,171,153.8,168,152.6,1144,153.8
1335307089,100,174.3,34,177.8,34,175.6,23,173.8,33,173.3,38,173.9,35,175.3,56,175.9,71,175.6,30,176.5,90,176.4
1333006978,332,165.2,119,163.8,157,162.6,137,163.1,163,166.1,182,164.0,131,160.7,206,165.9,146,164.3,140,169.0,566,164.7
1322394204,456,159.6,95,159.7,112,157.3,149,161.1,175,161.0,183,158.1,153,160.2,95,158.7,60,158.4,51,157.3,419,158.2
1320741969,216,158.7,39,157.3,46,159.6,73,158.5,72,157.0,94,162.5,83,162.7,55,158.9,61,157.2,57,155.9,311,151.7
1318858094,187,160.8,51,162.0,58,160.0,38,160.0,59,161.7,63,160.5,59,157.9,76,161.4,35,161.2,26,159.3,236,161.1
1316473130,575,163.8,108,163.1,111,166.3,62,166.1,170,164.8,272,164.6,244,162.8,194,163.5,155,162.7,57,162.1,749,161.9
1315220155,122,142.1,23,142.3,31,141.5,32,142.1,31,144.4,45,143.5,65,140.8,39,138.2,33,142.1,21,139.3,132,142.7
1314265297,470,163.6,84,164.7,82,164.4,139,164.1,145,164.6,157,163.9,141,164.0,128,163.2,85,160.6,74,163.1,434,164.3
1313273256,249,163.5,75,160.0,50,160.0,75,163.4,69,165.3,66,160.3,100,159.1,121,161.7,69,163.7,97,161.2,534,163.1
1312076808,411,159.3,145,158.2,108,157.6,102,158.5,165,160.9,158,157.4,209,158.8,178,158.3,146,157.9,167,159.3,606,161.5
1310849594,99,159.4,36,157.3,26,159.9,16,155.5,26,154.0,46,163.4,56,158.2,46,160.6,50,155.7,39,150.2,97,160.9
1309367687,366,163.5,112,163.6,91,165.8,77,163.9,138,163.7,162,163.3,153,162.3,122,164.0,96,163.7,71,163.6,387,163.5
1308577086,90,147.9,46,146.6,14,147.8,26,146.2,48,147.0,47,149.7,56,146.8,34,149.7,37,146.5,36,147.8,121,147.0
1307244327,215,143.2,61,141.3,40,145.0,75,136.3,77,143.4,84,143.1,75,147.1,57,143.9,42,147.1,41,140.8,321,151.5
1306220667,223,148.1,56,148.6,65,148.3,47,148.5,76,148.1,126,149.0,94,146.0,79,144.1,64,146.6,36,146.3,225,145.4
1305149813,87,169.1,33,169.3,28,168.7,41,169.2,21,170.1,55,169.2,24,169.0,38,169.9,35,170.0,39,169.0,223,169.2
1303751368,232,151.7,46,160.0,56,156.8,76,154.8,84,148.3,107,151.9,71,151.6,74,155.5,57,156.2,47,154.8,302,152.9
1302517546,322,160.0,211,160.5,183,161.6,195,159.7,236,160.1,152,159.7,156,160.3,72,162.6,70,161.8,52,157.6,331,147.0
1299451335,718,163.2,268,164.0,180,163.1,187,164.2,213,163.5,281,162.2,307,163.5,407,163.5,345,163.5,232,163.5,905,161.8
1298295540,433,161.3,100,161.4,113,160.9,102,160.9,172,160.4,189,161.7,126,161.9,140,160.6,99,161.5,53,159.1,595,161.9
1297290831,532,154.0,166,153.3,126,153.5,110,152.0,192,155.5,213,151.9,215,155.5,262,153.7,155,152.9,105,151.3,546,156.0
1293304951,272,160.3,90,162.8,92,161.8,37,162.1,90,160.9,114,159.7,88,159.7,104,161.4,64,161.3,42,160.9,403,160.0
1291720989,700,160.3,192,159.1,145,160.4,181,157.8,247,163.0,296,160.1,281,160.9,277,160.0,158,159.5,167,160.3,833,161.9
1289981600,446,164.8,89,165.0,107,164.3,137,165.1,156,165.7,132,165.3,146,164.1,87,164.7,39,164.2,24,165.2,85,167.7
1288870243,627,148.3,161,142.2,125,153.6,161,147.0,227,143.8,266,145.0,250,145.2,193,148.9,140,148.2,75,147.8,333,141.6
1285245048,701,162.1,145,162.4,143,163.7,222,163.2,216,161.9,275,161.1,166,161.9,135,161.2,98,162.9,52,162.3,331,159.4
1282016064,1640,163.9,378,163.8,309,163.6,380,164.0,506,163.6,648,163.7,742,163.8,624,163.3,350,163.7,312,163.4,846,163.8
1275693849,374,152.0,104,150.3,105,151.2,78,148.6,120,153.6,152,152.1,147,152.6,128,154.4,71,152.1,48,148.8,371,147.3
1271157321,839,151.6,266,151.7,233,151.6,237,152.1,235,151.2,326,152.8,413,151.3,332,151.6,213,152.2,197,150.3,1045,151.2
1269343103,227,168.7,75,170.0,49,165.1,75,168.0,48,168.5,90,168.0,68,169.7,82,168.3,54,167.3,13,171.1,227,171.0
1268715027,882,157.1,188,157.1,207,157.2,239,158.3,306,157.3,307,156.4,264,155.9,308,156.9,129,155.2,123,157.2,466,156.2
1267173335,446,160.8,103,155.7,106,162.2,142,159.0,122,158.8,104,162.5,99,157.1,80,156.6,48,151.1,40,159.6,338,159.3
1265967933,508,165.3,108,166.2,154,166.3,173,165.0,118,164.5,175,165.8,152,165.8,148,165.5,83,164.4,36,167.2,427,164.7
1261387407,698,160.3,110,161.2,144,160.5,195,160.3,204,159.9,254,160.1,221,162.1,181,158.8,88,161.1,97,159.4,391,160.6
1259903692,341,151.8,87,151.9,95,149.1,89,153.1,106,152.5,136,152.8,105,156.7,80,158.1,72,153.0,39,147.8,586,144.8
1258616062,477,155.6,85,155.6,83,156.7,158,155.4,115,157.7,154,155.7,119,154.9,103,154.8,77,155.1,38,155.4,376,156.0
1257216411,694,162.9,162,163.2,204,161.2,147,161.6,234,163.5,234,162.6,240,164.5,210,161.6,123,162.7,112,164.3,604,159.7
1255508500,372,158.4,116,159.6,114,158.4,159,157.7,182,158.0,173,159.4,162,159.9,142,157.9,191,157.3,171,158.1,1746,158.4
1252124418,1073,162.2,264,162.6,286,162.8,280,162.4,340,162.1,368,161.9,292,162.4,363,162.4,212,161.5,194,161.9,920,161.7
1249099353,407,151.9,183,151.3,157,152.9,128,155.5,144,151.1,145,150.6,196,150.7,155,153.5,194,154.9,147,155.7,1206,149.6
1246841661,401,152.2,147,152.4,179,155.2,159,151.9,182,151.6,187,152.0,205,154.2,177,153.6,182,152.3,167,154.7,1720,153.4
1244593933,902,158.9,174,157.5,194,159.1,252,157.0,225,155.3,255,157.3,143,153.7,158,154.6,88,152.1,79,146.9,2269,156.4
1238292178,777,164.0,177,168.6,151,163.9,170,163.8,171,164.7,191,165.4,111,166.0,136,162.3,124,165.3,90,166.1,2434,163.7
1235853576,433,155.1,400,156.2,388,155.7,418,155.6,436,156.6,176,156.1,162,157.6,86,155.0,86,154.5,48,157.5,626,159.3
1233356027,301,146.8,299,151.6,274,152.4,262,152.9,278,153.2,154,150.8,142,153.1,50,149.6,58,155.0,18,149.6,241,146.5
1231824801,156,150.9,137,152.5,135,152.8,147,155.1,199,153.7,108,153.8,184,152.3,108,152.0,154,153.8,76,153.3,893,155.7
1228937021,97,158.2,121,156.8,204,156.3,322,159.4,392,157.6,290,158.3,406,158.5,270,157.7,324,157.0,140,156.5,322,157.6
1228937020,466,152.0,320,154.4,300,154.7,337,154.0,389,151.4,196,149.4,175,153.1,80,149.6,112,152.2,26,145.5,825,141.5
1227613232,670,143.8,221,149.6,155,150.9,184,149.3,166,148.5,108,144.8,152,154.2,66,139.8,73,150.3,42,144.3,2204,152.6
1225510170,430,148.0,500,152.7,427,151.6,414,150.2,471,151.4,186,151.2,176,151.2,142,151.7,121,150.9,54,153.3,1235,150.2
1223702231,401,145.1,360,147.4,325,147.8,318,148.0,324,148.9,155,148.1,148,147.1,60,147.0,86,146.5,32,146.4,313,142.6
1220832045,95,145.2,82,150.9,102,150.6,196,150.5,297,150.7,264,147.7,338,150.2,282,151.3,390,151.5,250,151.2,1823,149.4
1219301565,52,135.6,79,136.1,101,136.6,152,141.3,228,139.3,148,145.2,188,149.5,124,144.0,180,148.1,90,146.9,442,152.8
1218192924,233,143.6,227,145.0,211,143.8,209,144.9,277,143.0,168,145.1,144,143.5,100,146.0,142,144.8,76,143.1,808,144.1
1214102993,69,148.0,20,148.0,7,148.0,34,148.0,28,148.0,26,148.0,15,148.0,27,148.0,11,148.0,12,148.0,86,148.0
1214060821,372,152.5,240,152.1,200,152.7,239,153.2,283,153.0,172,154.5,240,153.1,180,153.4,202,153.0,102,151.7,745,151.9
1212438237,399,156.1,168,156.5,129,155.2,176,157.3,193,155.7,222,157.4,187,156.8,156,155.8,179,155.3,155,156.2,1885,156.6
1210796858,569,168.3,82,168.1,137,167.9,146,168.2,98,168.5,110,168.4,64,167.8,63,168.0,26,170.1,6,168.5,41,169.5
1207307866,849,157.2,147,157.5,163,155.3,268,155.9,279,155.9,295,157.0,223,159.2,203,158.9,104,158.3,72,154.3,574,149.9
1202401437,95,139.8,37,139.8,35,145.1,41,142.8,45,140.1,41,139.7,34,139.0,56,142.3,38,141.6,23,140.0,1143,146.9
1202401429,578,163.8,122,164.2,142,164.7,145,162.0,87,161.4,75,161.6,36,166.6,21,166.1,18,166.8,6,169.0,770,162.0
1202401381,176,136.2,58,134.2,29,139.0,64,129.1,33,142.8,59,131.8,63,136.5,66,138.9,54,127.8,48,139.4,699,100.8
1201552904,496,154.1,115,154.3,82,154.6,149,153.5,146,153.8,257,152.7,185,153.6,200,154.5,85,151.8,103,152.0,417,147.5
1197826037,833,155.7,207,156.0,172,155.0,234,155.2,197,154.8,353,155.7,359,155.9,291,156.4,222,156.4,194,156.6,922,157.4
566890492,486,99.0,342,97.8,218,98.8,122,99.3,75,100.1,36,102.8,28,103.1,10,106.0,14,104.6,6,106.0,301,101.5
19537689172,81,154.4,184,158.2,423,157.5,438,157.0,414,157.3,175,159.4,130,161.1,58,159.1,30,162.2,37,158.7,509,107.6
19529721229,146,155.6,115,161.4,630,161.7,1738,162.5,1829,163.2,727,163.5,344,163.3,142,164.1,76,159.3,26,154.5,680,160.2
19529721193,137,161.1,270,162.2,600,162.2,620,162.6,300,162.2,195,160.2,108,157.0,71,158.6,61,153.3,37,160.8,144,159.8
19529721101,59,151.9,80,159.5,358,159.8,1231,162.2,2174,160.8,1609,161.0,729,160.8,286,160.5,167,158.1,85,157.7,687,160.0
19529721029,94,160.4,168,165.6,493,162.3,488,158.9,357,157.1,188,155.5,113,157.3,100,157.7,26,154.5,39,161.3,163,158.0
19529721206,36,151.9,32,166.2,195,161.4,433,164.9,1168,164.0,1746,163.4,1093,162.7,447,162.7,108,159.2,91,157.3,340,157.9
19529721033,98,149.9,68,151.7,386,161.4,632,162.3,480,162.8,274,160.9,133,158.1,80,160.2,59,157.5,15,137.1,293,158.0
19529721046,53,160.5,80,164.9,314,163.0,528,162.3,212,161.0,116,155.9,68,158.0,42,160.1,30,148.2,23,152.3,69,151.7
19529721064,91,156.7,75,166.2,266,162.9,418,163.8,404,164.4,231,165.7,156,163.0,91,162.3,48,164.4,41,164.2,162,165.1
19529721028,107,154.8,40,152.3,85,152.8,103,155.0,192,154.5,151,155.2,108,153.9,64,152.1,64,146.6,48,152.1,110,145.4
19529721070,119,165.5,120,170.3,314,167.8,898,168.5,1390,168.3,1088,168.6,603,168.7,341,169.9,151,167.6,88,169.4,1129,120.2
19529721023,61,162.0,84,162.5,258,163.3,386,163.4,394,164.2,176,163.4,89,165.7,78,164.6,41,166.2,26,167.8,1056,112.1
19529720930,57,160.7,80,166.0,430,164.8,1050,164.8,1733,164.3,1091,163.6,395,165.0,200,164.1,89,164.4,30,165.1,278,163.7
19529720919,34,155.7,67,160.2,295,164.6,539,164.8,629,164.8,241,162.6,84,167.4,60,165.9,38,166.8,10,162.7,186,163.4
19529720924,20,144.4,14,153.2,61,154.6,167,154.5,310,155.4,442,153.3,236,153.7,187,148.0,79,152.9,31,156.7,210,153.6
19529720922,38,152.2,44,165.5,230,167.9,613,166.5,1361,169.3,1105,170.3,479,170.1,181,171.9,75,170.6,55,168.7,235,170.5
19529720920,15,161.6,6,160.3,53,159.4,351,159.6,749,159.7,797,159.6,354,159.6,131,158.4,56,159.9,25,152.6,192,161.0
19529712369,50,152.9,59,147.2,176,154.7,321,157.0,600,156.1,623,157.6,346,155.1,289,157.7,100,152.3,65,149.7,208,149.2
19529720914,44,150.9,42,143.0,181,149.7,373,153.3,369,154.5,193,152.1,143,158.2,96,156.3,44,159.1,1,174.0,115,129.8
19529712333,18,145.0,78,149.9,283,156.8,593,154.4,616,156.1,489,159.3,300,160.6,135,159.2,63,159.2,35,153.2,188,146.1
19529712259,1,129.0,15,124.7,62,128.4,74,131.5,110,137.2,48,143.8,96,141.4,54,145.8,26,136.6,1,116.0,2258,135.9
19529712321,41,140.8,61,147.2,161,152.0,447,148.5,598,153.1,512,155.3,436,154.2,178,157.6,65,152.9,82,156.5,167,137.5
19529712298,29,150.7,48,160.6,176,161.0,287,161.4,329,160.6,206,159.5,145,162.1,85,155.3,37,156.0,33,158.8,65,158.4
19529712307,11,121.0,17,145.3,162,149.2,360,153.1,439,156.6,309,155.5,218,159.9,123,160.4,44,160.2,29,152.0,188,141.2
19529712013,7,165.1,43,160.5,162,154.4,499,158.9,910,159.5,745,161.4,403,160.3,189,159.9,122,158.5,77,163.7,146,155.6
19529712146,329,167.1,156,162.2,215,157.4,237,156.2,178,157.7,149,160.0,63,159.1,72,166.1,44,164.6,63,162.2,622,173.7
19529712095,17,138.1,32,145.7,95,150.1,149,148.5,302,153.3,226,156.3,183,151.7,97,155.9,83,155.1,25,142.9,67,150.3
19529712110,29,157.1,48,163.5,181,157.5,318,156.6,447,159.8,320,160.0,182,161.1,108,166.2,59,160.7,37,167.2,66,164.7
19529712113,35,147.9,73,159.2,256,159.2,580,159.2,752,157.8,549,158.2,246,157.5,166,163.5,93,162.5,28,159.3,97,154.1
19529712101,187,173.2,105,163.4,142,162.1,321,158.2,248,161.7,266,161.0,166,161.5,89,167.7,85,169.2,27,173.9,158,170.9
19529712079,0,,0,,2,141.0,55,142.4,84,146.6,285,142.7,156,141.2,114,133.8,50,141.2,17,141.1,62,134.3
19529712118,29,153.6,24,152.8,135,153.6,459,156.2,722,157.0,527,157.9,339,154.4,108,149.9,102,152.0,46,151.6,126,150.5
19529712088,6,135.0,3,89.0,46,145.5,109,138.4,325,144.7,271,148.2,230,146.7,206,151.5,118,151.1,63,151.7,147,146.5
19529712123,45,156.4,95,160.0,391,162.7,679,163.2,592,161.4,385,158.6,252,153.3,152,154.1,98,153.7,32,146.6,130,147.3
19529712072,150,166.4,85,168.3,111,164.1,82,163.2,62,160.1,81,165.0,38,158.3,60,169.8,39,166.8,6,143.0,105,152.7
19529712073,16,139.2,16,150.1,18,151.7,72,138.4,81,146.6,158,143.9,72,134.5,39,145.4,20,149.5,8,150.2,57,144.2
19529712131,2,161.0,20,161.4,30,161.4,72,164.4,185,164.9,144,164.8,39,168.7,40,163.4,23,146.3,23,161.3,19,158.7
19529712106,87,174.1,146,175.8,353,175.6,210,175.3,71,174.1,47,177.8,25,172.6,3,180.0,10,178.0,0,,5,164.8
19529712285,89,164.3,84,165.2,157,167.8,345,165.8,535,164.9,455,168.1,317,167.9,338,168.7,168,167.8,180,167.6,497,167.4
19529712000,42,164.9,74,171.6,96,166.8,346,174.5,575,173.0,475,172.3,278,172.5,259,173.3,149,171.7,84,172.1,173,168.6
19529693590,16,158.8,23,161.0,74,157.4,194,157.8,335,157.9,319,159.3,224,163.2,144,158.7,106,164.5,120,160.1,166,167.1
19529693605,17,163.3,15,164.4,59,161.1,87,167.8,299,165.4,697,168.1,1158,168.4,921,166.8,452,167.9,189,168.1,448,164.5
19529693591,20,154.0,52,151.8,132,161.7,285,159.2,307,160.0,268,159.4,147,154.8,178,160.6,75,160.6,43,155.0,479,161.2
19529693601,13,134.8,25,158.6,67,158.1,203,155.9,318,155.3,320,156.9,279,157.5,168,156.8,76,163.3,120,164.5,351,156.4
19529693588,9,120.0,5,141.2,39,156.4,56,162.9,186,155.8,312,153.2,246,155.6,251,153.9,149,160.5,60,159.3,332,162.2
19529693603,14,167.9,30,168.2,36,158.6,83,160.7,209,162.7,282,164.3,283,165.6,255,164.6,162,168.9,102,166.6,437,168.2
19529693596,8,127.6,2,145.5,15,144.9,20,145.8,39,143.4,62,139.7,72,142.6,217,148.0,197,147.5,330,149.6,1291,148.6
19646246537,55,149.0,148,146.8,227,149.2,344,150.9,511,155.8,271,156.6,668,157.8,350,158.2,367,158.0,324,158.9,1375,159.3
19607941051,15,129.1,57,129.4,98,130.5,170,128.9,209,130.1,124,129.0,250,128.9,126,130.3,146,129.9,157,130.9,1001,133.7
19578441227,20,134.8,53,135.5,123,135.1,235,134.9,367,134.8,201,134.6,430,134.1,159,134.2,146,133.4,103,132.5,265,128.3
19676777672,0,,7,119.4,15,120.5,53,122.3,159,122.6,92,123.7,254,123.3,177,124.9,190,125.2,197,126.3,1423,131.8
19734859105,0,,4,131.8,17,136.1,33,133.8,141,133.8,136,134.1,505,134.1,359,133.8,403,134.3,434,134.4,3223,128.9
19715888570,25,138.0,59,145.4,71,143.6,95,142.6,194,140.1,145,139.7,345,138.6,184,138.0,178,139.7,167,139.7,810,145.0
19804683942,2,115.0,8,117.4,22,117.4,55,120.6,167,118.9,116,120.2,322,120.3,193,123.3,221,122.2,192,126.8,1185,131.0
19819295693,38,123.9,84,132.7,103,131.7,144,127.2,241,125.2,124,124.1,322,124.5,147,122.6,158,124.4,137,126.4,1140,123.3
19846460537,226,136.8,16,135.6,33,129.0,135,130.5,377,129.8,307,131.5,846,131.6,487,132.4,516,133.5,468,133.9,2398,136.5
19873764999,2,118.0,4,118.8,14,120.3,37,119.9,124,120.0,100,120.3,257,120.7,193,121.8,222,123.6,222,124.6,1331,128.1
19918238592,5,127.8,11,127.5,23,127.4,63,127.8,148,126.3,109,125.4,314,125.8,158,124.7,200,125.2,135,124.3,404,122.9
19904774934,71,134.8,82,137.2,77,142.1,120,137.7,184,135.5,107,136.8,345,134.8,180,135.1,209,135.0,180,134.2,1118,132.9
19932153065,4,122.8,19,126.7,40,127.8,124,127.3,379,127.8,303,127.7,842,129.3,485,131.5,469,131.5,422,133.7,2257,139.9
19971873646,1,133.0,8,119.9,35,120.5,68,120.9,204,121.3,154,122.2,378,122.5,246,125.2,218,126.0,207,129.1,1119,132.7
20001177748,47,142.9,82,145.1,65,136.4,126,133.4,181,131.2,112,126.4,318,127.7,198,128.2,219,126.4,211,129.7,931,135.7
20015575013,6,130.5,38,134.9,67,130.9,112,132.0,259,129.8,173,129.5,398,129.7,165,127.8,146,127.3,120,127.4,302,122.7
20030067642,3,116.7,17,127.9,48,127.8,183,129.5,409,128.9,332,129.7,919,129.6,555,130.6,563,131.7,511,132.1,2527,136.4
